Rok;Województwo;Kod strefy;Nazwa strefy;Kod stacji;Stary kod stacji;WskaŸnik;Czas uœredniania;Œrednia;Min;Maks;Liczba pomiarów;Kompletnoœæ ;Liczba Lato/Zima
2002;ma³opolskie;PL1201;Aglomeracja Krakowska;MpKrakBulwar;MpKrakowWIOSBulw6118;PM2.5;24g;48,9;6,0;244,1;71;19,5;1,0
2002;ma³opolskie;PL1201;Aglomeracja Krakowska;MpKrakowWIOSPrad6115;MpKrakowWIOSPrad6115;PM2.5;24g;42,1;8,2;196,7;62;17,0;1,1
2003;ma³opolskie;PL1201;Aglomeracja Krakowska;MpKrakowWIOSPrad6115;MpKrakowWIOSPrad6115;PM2.5;24g;46,3;10,6;205,6;65;17,8;0,9
2004;³ódzkie;PL1001;Aglomeracja £ódzka;LdLodzLegion;LdLodzWSSEMLegiono;PM2.5;24g;18,6;8,0;88,0;188;51,4;4,7
2005;³ódzkie;PL1001;Aglomeracja £ódzka;LdLodzLegion;LdLodzWSSEMLegiono;PM2.5;24g;23,8;4,0;105,0;306;83,8;0,7
2005;œl¹skie;PL2404;miasto Czêstochowa;SlCzestCzes_rzasa;SlCzestCzes_rzasa;PM2.5;24g;32,4;0,1;139,6;234;64,1;2,1
2006;³ódzkie;PL1001;Aglomeracja £ódzka;LdLodzLegion;LdLodzWSSEMLegiono;PM2.5;24g;24,6;5,0;106,0;266;72,9;0,6
2006;pomorskie;PL2202;strefa pomorska;Pm.63.wDSMm;Pm.63.wDSMm;PM2.5;24g;22,0;2,0;103,0;278;76,2;0,7
2006;œl¹skie;PL2401;Aglomeracja Górnoœl¹ska;SlZabSkloCur;SlZabrzZabr_sklod;PM2.5;24g;30,6;3,6;171,1;266;72,9;2,0
2006;zachodniopomorskie;PL3201;Aglomeracja Szczeciñska;ZpSzczPils02;ZpSzczecin002;PM2.5;1g;20,7;1,0;145,0;6934;79,2;1,7
2007;kujawsko-pomorskie;PL0401;Aglomeracja Bydgoska;KpBydWarszaw;KpBydgWarszawska;PM2.5;1g;22,8;0,0;261,1;7479;85,4;1,2
2007;lubelskie;PL0601;Aglomeracja Lubelska;LbLublinPiel;LbLublinPiel;PM2.5;24g;20,6;3,0;93,0;226;61,9;0,9
2007;³ódzkie;PL1001;Aglomeracja £ódzka;LdLodzLegion;LdLodzWSSEMLegiono;PM2.5;24g;17,1;4,0;50,0;176;48,2;1,0
2007;ma³opolskie;PL1201;Aglomeracja Krakowska;MpKrakBulwar;MpKrakowWIOSBulw6118;PM2.5;24g;38,9;8,6;209,0;55;15,1;1,5
2007;mazowieckie;PL1401;Aglomeracja Warszawska;MzWarszSGGW;MzWarszSGGW;PM2.5;24g;22,4;3,8;64,5;52;14,2;1,0
2007;œl¹skie;PL2401;Aglomeracja Górnoœl¹ska;SlZabSkloCur;SlZabrzZabr_sklod;PM2.5;24g;32,5;4,2;179,9;180;49,3;1,0
2007;zachodniopomorskie;PL3201;Aglomeracja Szczeciñska;ZpSzczPils02;ZpSzczecin002;PM2.5;1g;19,5;0,0;124,0;8591;98,1;1,0
2008;dolnoœl¹skie;PL0201;Aglomeracja Wroc³awska;DsWrocWybCon;DsWrocKorzA;PM2.5;24g;21,5;5,7;93,7;294;80,3;0,8
2008;kujawsko-pomorskie;PL0401;Aglomeracja Bydgoska;KpBydWarszaw;KpBydgWarszawska;PM2.5;1g;21,1;0,8;183,8;3842;43,7;0,8
2008;lubelskie;PL0601;Aglomeracja Lubelska;LbLublinPiel;LbLublinPiel;PM2.5;24g;18,6;3,5;110,5;214;58,5;0,9
2008;³ódzkie;PL1001;Aglomeracja £ódzka;LdLodzLegion;LdLodzWSSEMLegiono;PM2.5;24g;23,1;5,0;93,0;186;50,8;1,3
2008;ma³opolskie;PL1201;Aglomeracja Krakowska;MpKrakBulwar;MpKrakowWIOSBulw6118;PM2.5;1g;37,6;3,0;354,0;8581;97,7;1,0
2008;ma³opolskie;PL1201;Aglomeracja Krakowska;MpKrakBulwar;MpKrakowWIOSBulw6118;PM2.5;24g;37,5;3,4;254,7;354;96,7;1,0
2008;ma³opolskie;PL1201;Aglomeracja Krakowska;MpKrakowWIOSPrad6115;MpKrakowWIOSPrad6115;PM2.5;1g;33,5;3,0;393,0;8746;99,6;1,0
2008;ma³opolskie;PL1201;Aglomeracja Krakowska;MpKrakowWIOSPrad6115;MpKrakowWIOSPrad6115;PM2.5;24g;33,5;4,3;245,9;364;99,5;1,0
2008;podkarpackie;PL1802;strefa podkarpacka;PkJasloWIOSFabr;PkJasloWIOSFabr;PM2.5;1g;32,0;0,0;270,7;6259;71,3;1,0
2008;podkarpackie;PL1802;strefa podkarpacka;PkPrzemyslWIOSMick;PkPrzemyslWIOSMick;PM2.5;1g;45,1;0,0;428,4;7109;80,9;1,0
2008;pomorskie;PL2201;Aglomeracja Trójmiejska;Pm.a09a;Pm.a09a;PM2.5;1g;13,5;0,9;119,3;6504;74,0;2,0
2008;pomorskie;PL2202;strefa pomorska;Pm.63.wDSMm;Pm.63.wDSMm;PM2.5;24g;14,7;1,0;57,0;300;82,0;1,0
2008;œl¹skie;PL2401;Aglomeracja Górnoœl¹ska;SlKatoKossut;SlKatowKato_kossu;PM2.5;24g;24,1;5,0;91,0;214;58,5;4,0
2008;œl¹skie;PL2401;Aglomeracja Górnoœl¹ska;SlZabSkloCur;SlZabrzZabr_sklod;PM2.5;24g;40,4;4,4;239,3;354;96,7;1,1
2008;œl¹skie;PL2402;Aglomeracja Rybnicko-Jastrzêbska;SlZorySikors;SlZoryzZory_sikor;PM2.5;24g;40,7;5,0;227,0;119;32,5;0,6
2008;wielkopolskie;PL3001;Aglomeracja Poznañska;WpPoznPolank;WpWKP001;PM2.5;1g;23,7;1,1;241,9;8711;99,2;1,0
2008;zachodniopomorskie;PL3201;Aglomeracja Szczeciñska;ZpSzczPils02;ZpSzczecin002;PM2.5;1g;19,7;0,0;181,0;8177;93,1;1,0
2009;dolnoœl¹skie;PL0201;Aglomeracja Wroc³awska;DsWrocWybCon;DsWrocKorzA;PM2.5;1g;25,5;2,0;286,0;4529;51,7;1,2
2009;dolnoœl¹skie;PL0201;Aglomeracja Wroc³awska;DsWrocWybCon;DsWrocKorzA;PM2.5;24g;32,6;1,2;139,0;361;98,9;1,0
2009;kujawsko-pomorskie;PL0401;Aglomeracja Bydgoska;KpBydWarszaw;KpBydgWarszawska;PM2.5;1g;20,3;0,0;224,3;5011;57,2;1,2
2009;lubelskie;PL0601;Aglomeracja Lubelska;LbLublinPiel;LbLublinPiel;PM2.5;24g;23,4;7,0;106,5;310;84,9;1,0
2009;³ódzkie;PL1001;Aglomeracja £ódzka;LdLodzCzerni;LdLodzWIOSACzernik;PM2.5;1g;23,4;1,0;104,0;4754;54,3;1,2
2009;³ódzkie;PL1001;Aglomeracja £ódzka;LdLodzLegion;LdLodzWSSEMLegiono;PM2.5;24g;31,4;4,0;114,0;267;73,2;0,6
2009;³ódzkie;PL1001;Aglomeracja £ódzka;LdZgieMielcz;LdZgierzWIOSAMielcza;PM2.5;1g;27,8;1,0;370,0;8324;95,0;1,1
2009;ma³opolskie;PL1201;Aglomeracja Krakowska;MpKrakAlKras;MpKrakowWIOSAKra6117;PM2.5;1g;52,5;5,0;282,0;2263;25,8;0,5
2009;ma³opolskie;PL1201;Aglomeracja Krakowska;MpKrakBulwar;MpKrakowWIOSBulw6118;PM2.5;1g;45,8;3,0;399,0;6332;72,3;0,7
2009;ma³opolskie;PL1201;Aglomeracja Krakowska;MpKrakBulwar;MpKrakowWIOSBulw6118;PM2.5;24g;46,2;7,0;188,5;258;70,7;0,7
2009;ma³opolskie;PL1201;Aglomeracja Krakowska;MpKrakowWIOSPrad6115;MpKrakowWIOSPrad6115;PM2.5;1g;39,2;0,0;419,0;8586;98,0;1,0
2009;ma³opolskie;PL1201;Aglomeracja Krakowska;MpKrakowWIOSPrad6115;MpKrakowWIOSPrad6115;PM2.5;24g;39,4;6,5;207,1;360;98,6;1,0
2009;ma³opolskie;PL1202;miasto Tarnów;MpTarnowWIOSSoli6303;MpTarnowWIOSSoli6303;PM2.5;24g;29,0;5,0;115,0;165;45,2;1,4
2009;mazowieckie;PL1401;Aglomeracja Warszawska;MzWarWokalna;MzWarszUrsynow;PM2.5;1g;22,4;0,6;145,1;4707;53,7;1,4
2009;mazowieckie;PL1401;Aglomeracja Warszawska;MzWarWokalna;MzWarszUrsynow;PM2.5;24g;23,6;4,0;117,6;357;97,8;1,0
2009;mazowieckie;PL1402;miasto P³ock;MzPlocMiReja;MzPlockReja;PM2.5;24g;24,0;5,5;140,4;319;87,4;1,0
2009;mazowieckie;PL1403;miasto Radom;MzRadTochter;MzRadomTochter;PM2.5;24g;24,1;3,5;137,2;334;91,5;0,9
2009;opolskie;PL1602;strefa opolska;OpKKozBSmial;OpKkozle1a;PM2.5;1g;29,2;0,0;222,0;3709;42,3;0,9
2009;podkarpackie;PL1801;miasto Rzeszów;PkRzeszWIOSSzop;PkRzeszWIOSSzop;PM2.5;1g;23,8;0,0;224,0;4977;56,8;1,5
2009;podkarpackie;PL1802;strefa podkarpacka;PkJasloWIOSFabr;PkJasloWIOSFabr;PM2.5;1g;36,5;1,6;288,2;4774;54,5;1,2
2009;podkarpackie;PL1802;strefa podkarpacka;PkPrzemyslWIOSMick;PkPrzemyslWIOSMick;PM2.5;1g;46,6;1,7;472,7;7368;84,1;0,8
2009;podlaskie;PL2001;Aglomeracja Bia³ostocka;PdBialWaszyn;PdBialyMiejska;PM2.5;1g;18,6;0,0;268,0;4456;50,9;1,1
2009;pomorskie;PL2202;strefa pomorska;Pm.63.wDSMm;Pm.63.wDSMm;PM2.5;24g;17,4;1,0;72,0;317;86,8;0,8
2009;œl¹skie;PL2401;Aglomeracja Górnoœl¹ska;SlGliwicMewy;SlGliwiGliw_mewy;PM2.5;1g;35,1;1,0;292,0;3308;37,8;0,8
2009;œl¹skie;PL2401;Aglomeracja Górnoœl¹ska;SlKatoKossut;SlKatowKato_kossu;PM2.5;1g;37,0;1,0;267,0;4427;50,5;1,1
2009;œl¹skie;PL2401;Aglomeracja Górnoœl¹ska;SlKatoKossut;SlKatowKato_kossu;PM2.5;24g;29,9;5,0;94,0;249;68,2;1,1
2009;œl¹skie;PL2401;Aglomeracja Górnoœl¹ska;SlZabSkloCur;SlZabrzZabr_sklod;PM2.5;1g;34,6;1,0;614,0;8023;91,6;0,9
2009;œl¹skie;PL2401;Aglomeracja Górnoœl¹ska;SlZabSkloCur;SlZabrzZabr_sklod;PM2.5;24g;39,9;2,2;259,4;329;90,1;1,2
2009;œl¹skie;PL2402;Aglomeracja Rybnicko-Jastrzêbska;SlZorySikors;SlZoryzZory_sikor;PM2.5;24g;33,9;5,0;205,0;352;96,4;0,9
2009;warmiñsko-mazurskie;PL2801;miasto Olsztyn;WmOlsPuszkin;WmOlsztyWIOS_Puszkin;PM2.5;1g;16,0;0,2;214,0;4038;46,1;1,3
2009;warmiñsko-mazurskie;PL2803;strefa warmiñsko-mazurska;WmPuszczaBor;WmPuszcz_IOS_Borecka;PM2.5;24g;13,2;0,3;104,8;363;99,5;1,0
2009;wielkopolskie;PL3001;Aglomeracja Poznañska;WpPoznPolank;WpWKP001;PM2.5;1g;26,2;0,4;217,1;8682;99,1;1,0
2009;zachodniopomorskie;PL3201;Aglomeracja Szczeciñska;ZpSzczAndr01;ZpSzczecin001;PM2.5;1g;19,0;2,0;111,0;3236;36,9;0,8
2009;zachodniopomorskie;PL3201;Aglomeracja Szczeciñska;ZpSzczPils02;ZpSzczecin002;PM2.5;1g;20,4;0,0;327,0;7340;83,8;1,0
2010;dolnoœl¹skie;PL0201;Aglomeracja Wroc³awska;DsWrocNaGrob;DsWrocGrobla;PM2.5;24g;31,9;0,2;202,0;338;92,6;1,1
2010;dolnoœl¹skie;PL0201;Aglomeracja Wroc³awska;DsWrocWybCon;DsWrocKorzA;PM2.5;1g;27,3;2,0;248,0;7855;89,7;1,2
2010;dolnoœl¹skie;PL0201;Aglomeracja Wroc³awska;DsWrocWybCon;DsWrocKorzA;PM2.5;24g;37,6;4,5;214,4;364;99,7;1,0
2010;dolnoœl¹skie;PL0202;miasto Legnica;DsLegAlRzecz;DsLegRzeczA;PM2.5;24g;30,8;5,0;218,0;321;87,9;1,1
2010;dolnoœl¹skie;PL0203;miasto Wa³brzych;DsWalbrzWyso;DsWalbWysA;PM2.5;24g;27,9;2,0;156,0;338;92,6;1,2
2010;dolnoœl¹skie;PL0204;strefa dolnoœl¹ska;DsOsieczow21;DsOsieczow;PM2.5;24g;17,5;2,0;126,0;258;70,7;1,9
2010;kujawsko-pomorskie;PL0401;Aglomeracja Bydgoska;KpBydBerling;KpBydgBerlinga;PM2.5;24g;19,9;1,6;90,8;228;62,5;1,5
2010;kujawsko-pomorskie;PL0401;Aglomeracja Bydgoska;KpBydWarszaw;KpBydgWarszawska;PM2.5;1g;27,8;0,5;429,2;7389;84,3;0,8
2010;kujawsko-pomorskie;PL0402;miasto Toruñ;KpToruDziewu;KpTorunDziewulsk;PM2.5;1g;32,4;1,0;496,0;8661;98,9;1,0
2010;kujawsko-pomorskie;PL0402;miasto Toruñ;KpToruDziewu;KpTorunDziewulsk;PM2.5;24g;32,4;7,2;207,1;359;98,4;1,0
2010;kujawsko-pomorskie;PL0403;miasto W³oc³awek;KpWloclSiels;KpWloclSielska;PM2.5;24g;21,5;3,6;54,5;92;25,2;0,2
2010;kujawsko-pomorskie;PL0404;strefa kujawsko - pomorska;KpZielBoryTu;KpZielBoryTuch;PM2.5;24g;19,5;1,0;76,5;363;99,5;1,0
2010;lubelskie;PL0601;Aglomeracja Lubelska;LbLubSliwins;LbLublin_Sliwins_5;PM2.5;24g;25,1;1,8;117,1;348;95,3;1,0
2010;lubelskie;PL0602;strefa lubelska;LbBiaPodOrze;LbBialaPOrzechowa;PM2.5;24g;27,0;4,0;285,0;354;97,0;1,0
2010;lubelskie;PL0602;strefa lubelska;LbChelJagiel;LbChelmJagWIOS;PM2.5;24g;24,0;3,7;157,0;347;95,1;1,0
2010;lubelskie;PL0602;strefa lubelska;LbZamoHrubie;LbZamoscHrubieszowsk;PM2.5;24g;25,9;2,5;224,2;358;98,1;1,0
2010;lubuskie;PL0801;miasto Gorzów Wielkopolski;LuGorzPilsud;LuGorzowWIOS_MAN;PM2.5;24g;18,8;1,8;101,4;357;97,8;1,1
2010;lubuskie;PL0802;miasto Zielona Góra;LuZielKrotka;LuZgoraWIOS_AUT;PM2.5;1g;27,2;0,0;349,0;8072;92,1;1,1
2010;lubuskie;PL0802;miasto Zielona Góra;LuZielKrotka;LuZgoraWIOS_AUT;PM2.5;24g;25,5;4,0;128,0;217;59,5;0,9
2010;lubuskie;PL0803;strefa lubuska;LuWsKaziWiel;LuWschowWIOS_AUT;PM2.5;24g;24,1;4,0;184,0;331;90,7;1,2
2010;³ódzkie;PL1001;Aglomeracja £ódzka;LdLodzCzerni;LdLodzWIOSACzernik;PM2.5;1g;31,8;1,0;236,0;8560;97,7;1,0
2010;³ódzkie;PL1001;Aglomeracja £ódzka;LdLodzCzerni;LdLodzWIOSACzernik;PM2.5;24g;22,9;4,0;136,0;296;81,1;1,0
2010;³ódzkie;PL1001;Aglomeracja £ódzka;LdLodzLegion;LdLodzWSSEMLegiono;PM2.5;24g;29,4;4,8;183,0;272;74,5;1,2
2010;³ódzkie;PL1001;Aglomeracja £ódzka;LdZgieMielcz;LdZgierzWIOSAMielcza;PM2.5;1g;32,9;1,0;468,0;8639;98,6;1,0
2010;³ódzkie;PL1002;strefa ³ódzka;LdPioTrSienk;LdPiotrkWIOSMSienkie;PM2.5;24g;29,8;2,2;204,0;230;63,0;2,6
2010;ma³opolskie;PL1201;Aglomeracja Krakowska;MpKrakAlKras;MpKrakowWIOSAKra6117;PM2.5;1g;61,1;3,0;515,0;8733;99,7;1,0
2010;ma³opolskie;PL1201;Aglomeracja Krakowska;MpKrakBujaka;MpKrakowWIOSBuja6119;PM2.5;1g;34,4;3,0;423,0;6414;73,2;1,9
2010;ma³opolskie;PL1201;Aglomeracja Krakowska;MpKrakBujaka;MpKrakowWIOSBuja6119;PM2.5;24g;35,6;2,0;299,0;257;70,4;1,8
2010;ma³opolskie;PL1201;Aglomeracja Krakowska;MpKrakBulwar;MpKrakowWIOSBulw6118;PM2.5;1g;40,8;3,0;375,0;6350;72,5;1,2
2010;ma³opolskie;PL1201;Aglomeracja Krakowska;MpKrakBulwar;MpKrakowWIOSBulw6118;PM2.5;24g;40,6;3,1;245,3;258;70,7;1,2
2010;ma³opolskie;PL1202;miasto Tarnów;MpTarBitStud;MpTarnowWIOSBitw6304;PM2.5;24g;32,3;2,0;272,0;303;83,0;1,2
2010;ma³opolskie;PL1203;strefa ma³opolska;MpNSaczWIOSPija6204;MpNSaczWIOSPija6204;PM2.5;24g;46,6;4,0;357,0;232;63,6;1,7
2010;ma³opolskie;PL1203;strefa ma³opolska;MpZakopaSien;MpZakopaWIOSRown1701;PM2.5;24g;37,4;3,0;198,0;362;99,2;1,0
2010;mazowieckie;PL1401;Aglomeracja Warszawska;MzWarKondrat;MzWarTarKondra;PM2.5;24g;30,5;5,4;114,5;352;96,4;1,0
2010;mazowieckie;PL1401;Aglomeracja Warszawska;MzWarWokalna;MzWarszUrsynow;PM2.5;24g;28,3;1,8;92,9;349;95,6;1,0
2010;mazowieckie;PL1402;miasto P³ock;MzPlocMiReja;MzPlockReja;PM2.5;24g;27,9;6,0;111,6;299;81,9;0,8
2010;mazowieckie;PL1403;miasto Radom;MzRadHallera;MzRadomHallera;PM2.5;24g;25,8;3,1;98,7;156;42,7;1,8
2010;mazowieckie;PL1403;miasto Radom;MzRadTochter;MzRadomTochter;PM2.5;24g;32,4;4,9;121,3;205;56,2;0,6
2010;mazowieckie;PL1404;strefa mazowiecka;MzPiasPulask;MzPiastowPulask;PM2.5;24g;26,3;4,2;79,4;237;64,9;1,6
2010;opolskie;PL1601;miasto Opole;OpOpoleOsAKr;OpOpole4pyl;PM2.5;24g;26,7;1,0;178,0;314;86,0;0,7
2010;opolskie;PL1602;strefa opolska;OpKKozBSmial;OpKkozle1a;PM2.5;1g;39,5;1,0;429,0;7544;86,1;1,1
2010;opolskie;PL1602;strefa opolska;OpKluczMicki;OpKlucz2pyl;PM2.5;24g;31,8;2,0;191,0;146;40,0;0,6
2010;podkarpackie;PL1801;miasto Rzeszów;PkRzeszRejta;PkRzeszWIOSNoweMiasto;PM2.5;24g;27,9;4,0;218,2;318;87,1;1,3
2010;podkarpackie;PL1801;miasto Rzeszów;PkRzeszWIOSSzop;PkRzeszWIOSSzop;PM2.5;1g;50,7;13,0;595,0;8134;92,9;1,0
2010;podkarpackie;PL1801;miasto Rzeszów;PkRzeszWIOSSzop;PkRzeszWIOSSzop;PM2.5;24g;24,5;3,3;113,6;323;88,5;1,2
2010;podkarpackie;PL1802;strefa podkarpacka;PkJasloSikor;PkJasloWIOSSikorskiego;PM2.5;1g;42,4;0,8;476,0;5841;66,7;1,2
2010;podkarpackie;PL1802;strefa podkarpacka;PkKrosKletow;PkKrosnoWIOSKletowki;PM2.5;24g;29,7;4,7;171,6;310;84,9;1,3
2010;podkarpackie;PL1802;strefa podkarpacka;PkNiskoSzkla;PkNiskoWIOSSzklar;PM2.5;24g;26,3;2,2;137,7;301;82,5;1,4
2010;podkarpackie;PL1802;strefa podkarpacka;PkPrzemyslWIOSMick;PkPrzemyslWIOSMick;PM2.5;1g;41,3;0,7;368,8;6549;74,8;0,8
2010;podlaskie;PL2001;Aglomeracja Bia³ostocka;PdBialWarsza;PdBialyWarszawska;PM2.5;24g;23,7;3,0;133,0;282;77,3;1,1
2010;podlaskie;PL2001;Aglomeracja Bia³ostocka;PdBialWaszyn;PdBialyMiejska;PM2.5;1g;23,9;0,0;281,0;8536;97,4;1,0
2010;podlaskie;PL2002;strefa podlaska;PdLomSikorsk;PdLomzaSikorskiego;PM2.5;24g;26,6;1,8;137,1;304;83,3;1,3
2010;pomorskie;PL2201;Aglomeracja Trójmiejska;PmGdaLecz08m;Pm.aw08m;PM2.5;24g;23,0;1,9;114,3;243;66,6;1,7
2010;pomorskie;PL2201;Aglomeracja Trójmiejska;PmGdaLeczk08;Pm.a08a;PM2.5;1g;20,5;0,8;262,1;8639;98,6;1,0
2010;pomorskie;PL2201;Aglomeracja Trójmiejska;PmGdaPowWiel;Pm.01w.02m;PM2.5;24g;20,0;4,0;124,0;185;50,7;1,5
2010;pomorskie;PL2202;strefa pomorska;Pm.63.wDSMm;Pm.63.wDSMm;PM2.5;24g;19,2;1,0;89,0;282;77,3;0,8
2010;pomorskie;PL2202;strefa pomorska;Pm.aw07m;Pm.aw07m;PM2.5;24g;20,4;5,0;95,0;266;72,9;1,3
2010;pomorskie;PL2202;strefa pomorska;PmSlupKniazi;Pm.63.wDSAa;PM2.5;24g;19,2;1,0;89,0;282;77,3;0,8
2010;œl¹skie;PL2401;Aglomeracja Górnoœl¹ska;SlGliwicMewy;SlGliwiGliw_mewy;PM2.5;1g;45,8;1,0;624,0;8256;94,2;1,0
2010;œl¹skie;PL2401;Aglomeracja Górnoœl¹ska;SlGliwicMewy;SlGliwiGliw_mewy;PM2.5;24g;42,9;5,0;219,0;350;95,9;0,9
2010;œl¹skie;PL2401;Aglomeracja Górnoœl¹ska;SlKatoKossut;SlKatowKato_kossu;PM2.5;1g;44,5;1,0;641,0;8120;92,7;1,1
2010;œl¹skie;PL2401;Aglomeracja Górnoœl¹ska;SlKatoKossut;SlKatowKato_kossu;PM2.5;24g;42,1;1,6;229,6;355;97,3;1,0
2010;œl¹skie;PL2402;Aglomeracja Rybnicko-Jastrzêbska;SlZorySikors;SlZoryzZory_sikor;PM2.5;24g;44,3;5,0;227,0;328;89,9;1,2
2010;œl¹skie;PL2403;miasto Bielsko-Bia³a;SlBielSterni;SlBielbBiel_stern;PM2.5;24g;42,3;5,0;418,0;357;97,8;1,0
2010;œl¹skie;PL2404;miasto Czêstochowa;SlCzestoZana;SlCzestCzes_zana6;PM2.5;24g;40,9;5,0;224,0;347;95,1;1,1
2010;œl¹skie;PL2405;strefa œl¹ska;SlGodGliniki;SlGodowWodz_wodzi;PM2.5;24g;49,1;5,0;320,0;359;98,4;1,0
2010;œl¹skie;PL2405;strefa œl¹ska;SlZlotPotLes;SlZlotyJano_lesni;PM2.5;24g;21,8;5,0;88,0;245;67,1;1,6
2010;œwiêtokrzyskie;PL2601;miasto Kielce;SkKielJagiel;SkKielJagielWios;PM2.5;1g;37,0;0,0;379,7;7465;85,2;1,1
2010;œwiêtokrzyskie;PL2601;miasto Kielce;SkKielJagiel;SkKielJagielWios;PM2.5;24g;31,2;2,0;222,7;333;91,2;1,1
2010;œwiêtokrzyskie;PL2602;strefa œwiêtokrzyska;SkBuskRokosz;SkBuskoWios2;PM2.5;24g;28,4;0,4;201,1;337;92,3;1,1
2010;warmiñsko-mazurskie;PL2801;miasto Olsztyn;WmOlsPuszkin;WmOlsztyWIOS_Puszkin;PM2.5;1g;22,9;0,1;340,6;7880;90,0;1,1
2010;warmiñsko-mazurskie;PL2801;miasto Olsztyn;WmOlsPuszkin;WmOlsztyWIOS_Puszkin;PM2.5;24g;18,4;0,7;100,8;353;96,7;1,1
2010;warmiñsko-mazurskie;PL2802;miasto Elbl¹g;WmElbBazynsk;WmElblagWIOS_Bazynsk;PM2.5;24g;22,7;1,2;169,2;322;88,2;1,0
2010;warmiñsko-mazurskie;PL2803;strefa warmiñsko-mazurska;WmOstrChrobr;WmOstrodWIOS_Chrobre;PM2.5;24g;18,1;2,0;154,0;318;87,1;1,0
2010;warmiñsko-mazurskie;PL2803;strefa warmiñsko-mazurska;WmPuszczaBor;WmPuszcz_IOS_Borecka;PM2.5;24g;15,2;1,1;69,1;360;98,6;1,0
2010;wielkopolskie;PL3001;Aglomeracja Poznañska;WpPoznPolank;WpWKP001;PM2.5;1g;30,9;0,1;313,2;8513;97,2;1,0
2010;wielkopolskie;PL3002;miasto Kalisz;WpKaliSawick;WpWKPKalisz007/10;PM2.5;1g;32,9;0,3;378,9;7329;83,7;1,3
2010;zachodniopomorskie;PL3201;Aglomeracja Szczeciñska;ZpSzczAndr01;ZpSzczecin001;PM2.5;1g;17,3;0,1;152,8;7973;91,0;1,1
2010;zachodniopomorskie;PL3201;Aglomeracja Szczeciñska;ZpSzczAndr01;ZpSzczecin001;PM2.5;24g;17,1;1,1;126,2;347;95,1;1,1
2010;zachodniopomorskie;PL3201;Aglomeracja Szczeciñska;ZpSzczPils02;ZpSzczecin002;PM2.5;1g;21,9;0,0;313,0;8073;92,2;1,1
2010;zachodniopomorskie;PL3202;miasto Koszalin;ZpKoszSpasow;ZpKoszalin006;PM2.5;24g;15,3;1,1;110,4;352;96,4;1,1
2010;zachodniopomorskie;PL3203;strefa zachodniopomorska;ZpMyslZaBram;ZpMysMysliborz007;PM2.5;24g;19,7;4,3;88,2;239;65,5;1,8
2010;zachodniopomorskie;PL3203;strefa zachodniopomorska;ZpSzczec1Maj;ZpSzcSzczecinek008;PM2.5;24g;23,0;1,3;124,1;312;85,5;0,7
2011;dolnoœl¹skie;PL0201;Aglomeracja Wroc³awska;DsWrocAlWisn;DsWrocWisA;PM2.5;1g;32,3;1,0;242,0;7453;85,1;1,1
2011;dolnoœl¹skie;PL0201;Aglomeracja Wroc³awska;DsWrocAlWisn;DsWrocWisA;PM2.5;24g;32,5;7,1;139,7;329;90,1;1,1
2011;dolnoœl¹skie;PL0201;Aglomeracja Wroc³awska;DsWrocNaGrob;DsWrocGrobla;PM2.5;24g;28,3;1,0;141,0;361;98,9;1,0
2011;dolnoœl¹skie;PL0202;miasto Legnica;DsLegAlRzecz;DsLegRzeczA;PM2.5;24g;29,9;5,0;159,0;357;97,8;1,0
2011;dolnoœl¹skie;PL0203;miasto Wa³brzych;DsWalbrzWyso;DsWalbWysA;PM2.5;24g;21,8;2,0;157,0;356;97,5;1,0
2011;dolnoœl¹skie;PL0204;strefa dolnoœl¹ska;DsOsieczow21;DsOsieczow;PM2.5;24g;20,4;3,0;109,4;357;97,8;1,0
2011;kujawsko-pomorskie;PL0401;Aglomeracja Bydgoska;KpBydBerling;KpBydgBerlinga;PM2.5;24g;17,4;0,9;89,1;353;96,7;1,0
2011;kujawsko-pomorskie;PL0401;Aglomeracja Bydgoska;KpBydWarszaw;KpBydgWarszawska;PM2.5;1g;27,8;0,6;344,0;3576;40,8;0,7
2011;kujawsko-pomorskie;PL0402;miasto Toruñ;KpToruDziewu;KpTorunDziewulsk;PM2.5;1g;32,9;0,6;343,3;3078;35,1;0,8
2011;kujawsko-pomorskie;PL0402;miasto Toruñ;KpToruDziewu;KpTorunDziewulsk;PM2.5;24g;23,5;4,0;136,0;365;100,0;1,0
2011;kujawsko-pomorskie;PL0403;miasto W³oc³awek;KpWloclSiels;KpWloclSielska;PM2.5;24g;19,4;6,0;67,3;291;79,7;1,1
2011;kujawsko-pomorskie;PL0404;strefa kujawsko - pomorska;KpGrudSienki;KpGrudzStar;PM2.5;24g;19,7;6,0;90,0;82;22,5;3,8
2011;kujawsko-pomorskie;PL0404;strefa kujawsko - pomorska;KpZielBoryTu;KpZielBoryTuch;PM2.5;24g;16,1;1,4;58,4;365;100,0;1,0
2011;lubelskie;PL0601;Aglomeracja Lubelska;LbLubSliwins;LbLublin_Sliwins_5;PM2.5;24g;23,2;2,7;123,0;330;90,4;1,0
2011;lubelskie;PL0602;strefa lubelska;LbBiaPodOrze;LbBialaPOrzechowa;PM2.5;24g;25,7;5,0;137,0;348;95,3;1,0
2011;lubelskie;PL0602;strefa lubelska;LbChelJagiel;LbChelmJagWIOS;PM2.5;24g;21,9;2,5;139,0;358;98,1;1,0
2011;lubelskie;PL0602;strefa lubelska;LbZamoHrubie;LbZamoscHrubieszowsk;PM2.5;24g;25,7;2,5;136,1;362;99,2;1,0
2011;lubuskie;PL0801;miasto Gorzów Wielkopolski;LuGorzPilsud;LuGorzowWIOS_MAN;PM2.5;24g;17,3;1,8;74,4;327;89,6;1,0
2011;lubuskie;PL0802;miasto Zielona Góra;LuZielKrotka;LuZgoraWIOS_AUT;PM2.5;1g;28,3;0,0;263,0;8451;96,5;1,0
2011;lubuskie;PL0802;miasto Zielona Góra;LuZielKrotka;LuZgoraWIOS_AUT;PM2.5;24g;19,8;1,8;123,8;365;100,0;1,0
2011;lubuskie;PL0803;strefa lubuska;LuWsKaziWiel;LuWschowWIOS_AUT;PM2.5;24g;23,2;2,7;148,0;362;99,2;1,0
2011;³ódzkie;PL1001;Aglomeracja £ódzka;LdLodzCzerni;LdLodzWIOSACzernik;PM2.5;1g;30,5;1,0;240,0;8594;98,1;1,0
2011;³ódzkie;PL1001;Aglomeracja £ódzka;LdLodzCzerni;LdLodzWIOSACzernik;PM2.5;24g;24,8;3,3;147,0;304;83,3;0,9
2011;³ódzkie;PL1001;Aglomeracja £ódzka;LdZgieMielcz;LdZgierzWIOSAMielcza;PM2.5;1g;30,1;1,0;339,0;8557;97,7;1,0
2011;³ódzkie;PL1002;strefa ³ódzka;LdPioTrSienk;LdPiotrkWIOSMSienkie;PM2.5;24g;37,3;4,5;224,0;365;100,0;1,0
2011;ma³opolskie;PL1201;Aglomeracja Krakowska;MpKrakAlKras;MpKrakowWIOSAKra6117;PM2.5;1g;55,0;3,0;401,0;8573;97,9;1,1
2011;ma³opolskie;PL1201;Aglomeracja Krakowska;MpKrakAlKras;MpKrakowWIOSAKra6117;PM2.5;24g;54,8;6,4;317,3;355;97,3;1,1
2011;ma³opolskie;PL1201;Aglomeracja Krakowska;MpKrakBujaka;MpKrakowWIOSBuja6119;PM2.5;1g;37,8;1,0;365,0;8370;95,5;1,0
2011;ma³opolskie;PL1201;Aglomeracja Krakowska;MpKrakBujaka;MpKrakowWIOSBuja6119;PM2.5;24g;37,3;3,0;246,0;362;99,2;1,0
2011;ma³opolskie;PL1201;Aglomeracja Krakowska;MpKrakBulwar;MpKrakowWIOSBulw6118;PM2.5;1g;43,0;3,0;348,0;7271;83,0;1,0
2011;ma³opolskie;PL1201;Aglomeracja Krakowska;MpKrakBulwar;MpKrakowWIOSBulw6118;PM2.5;24g;43,2;3,1;213,6;301;82,5;1,0
2011;ma³opolskie;PL1202;miasto Tarnów;MpTarBitStud;MpTarnowWIOSBitw6304;PM2.5;24g;31,4;4,0;208,0;350;95,9;1,0
2011;ma³opolskie;PL1203;strefa ma³opolska;MpBochKonfed;MpBochniWIOSKBar0106;PM2.5;24g;22,0;4,0;83,0;61;16,7;3,1
2011;ma³opolskie;PL1203;strefa ma³opolska;MpNoSaczNadb;MpNSaczWIOSNadb6205;PM2.5;24g;39,8;4,0;157,0;340;93,2;1,2
2011;ma³opolskie;PL1203;strefa ma³opolska;MpTrzebOsZWM;MpTrzebiWIOSZWM0305;PM2.5;24g;32,5;4,0;183,0;329;90,1;1,2
2011;ma³opolskie;PL1203;strefa ma³opolska;MpZakopaSien;MpZakopaWIOSRown1701;PM2.5;24g;36,8;3,0;173,0;342;93,7;1,0
2011;mazowieckie;PL1401;Aglomeracja Warszawska;MzWarAlNiepo;MzWarNiepodKom;PM2.5;1g;31,6;3,8;174,5;8668;98,9;1,0
2011;mazowieckie;PL1401;Aglomeracja Warszawska;MzWarAlNiepo;MzWarNiepodKom;PM2.5;24g;31,5;7,9;115,5;359;98,4;1,0
2011;mazowieckie;PL1401;Aglomeracja Warszawska;MzWarKondrat;MzWarTarKondra;PM2.5;24g;28,2;4,5;133,4;352;96,4;1,0
2011;mazowieckie;PL1401;Aglomeracja Warszawska;MzWarWokalna;MzWarszUrsynow;PM2.5;1g;26,4;0,1;306,5;8704;99,4;1,0
2011;mazowieckie;PL1401;Aglomeracja Warszawska;MzWarWokalna;MzWarszUrsynow;PM2.5;24g;24,2;1,8;109,3;365;100,0;1,0
2011;mazowieckie;PL1402;miasto P³ock;MzPlocMiReja;MzPlockReja;PM2.5;24g;27,9;3,6;98,8;256;70,1;0,5
2011;mazowieckie;PL1403;miasto Radom;MzRadHallera;MzRadomHallera;PM2.5;24g;26,2;3,5;107,6;357;97,8;1,0
2011;mazowieckie;PL1404;strefa mazowiecka;MzPiasPulask;MzPiastowPulask;PM2.5;24g;29,8;3,5;147,7;364;99,7;1,0
2011;opolskie;PL1601;miasto Opole;OpOpoleOsAKr;OpOpole4pyl;PM2.5;24g;24,9;1,0;170,0;324;88,8;1,0
2011;opolskie;PL1602;strefa opolska;OpKKozBSmial;OpKkozle1a;PM2.5;1g;28,7;0,0;415,0;5708;65,2;1,3
2011;opolskie;PL1602;strefa opolska;OpKluczMicki;OpKlucz2pyl;PM2.5;24g;28,9;2,0;150,0;334;91,5;1,2
2011;podkarpackie;PL1801;miasto Rzeszów;PkRzeszRejta;PkRzeszWIOSNoweMiasto;PM2.5;24g;30,0;2,8;118,9;352;96,4;1,1
2011;podkarpackie;PL1801;miasto Rzeszów;PkRzeszWIOSSzop;PkRzeszWIOSSzop;PM2.5;1g;38,7;1,0;431,0;6157;70,3;0,7
2011;podkarpackie;PL1801;miasto Rzeszów;PkRzeszWIOSSzop;PkRzeszWIOSSzop;PM2.5;24g;29,2;1,0;133,0;334;91,5;1,1
2011;podkarpackie;PL1802;strefa podkarpacka;PkJasloSikor;PkJasloWIOSSikorskiego;PM2.5;1g;36,3;0,7;259,2;3682;42,0;0,8
2011;podkarpackie;PL1802;strefa podkarpacka;PkKrosKletow;PkKrosnoWIOSKletowki;PM2.5;24g;31,6;6,0;164,0;336;92,1;0,9
2011;podkarpackie;PL1802;strefa podkarpacka;PkNiskoSzkla;PkNiskoWIOSSzklar;PM2.5;24g;30,6;2,9;131,0;317;86,8;1,0
2011;podkarpackie;PL1802;strefa podkarpacka;PkPrzemyslWIOSMick;PkPrzemyslWIOSMick;PM2.5;1g;36,6;0,7;311,2;7493;85,5;1,0
2011;podlaskie;PL2001;Aglomeracja Bia³ostocka;PdBialWarsza;PdBialyWarszawska;PM2.5;24g;20,9;3,3;116,6;241;66,0;2,1
2011;podlaskie;PL2001;Aglomeracja Bia³ostocka;PdBialWaszyn;PdBialyMiejska;PM2.5;1g;27,1;0,0;309,0;7450;85,0;0,8
2011;podlaskie;PL2002;strefa podlaska;PdLomSikorsk;PdLomzaSikorskiego;PM2.5;24g;33,0;1,9;186,8;285;78,1;0,9
2011;pomorskie;PL2201;Aglomeracja Trójmiejska;PmGdaLeczk08;Pm.a08a;PM2.5;1g;19,1;1,2;191,2;8268;94,4;1,1
2011;pomorskie;PL2201;Aglomeracja Trójmiejska;PmGdaPowWiel;Pm.01w.02m;PM2.5;24g;17,3;5,0;128,0;342;93,7;1,1
2011;pomorskie;PL2202;strefa pomorska;Pm.63.wDSMm;Pm.63.wDSMm;PM2.5;24g;16,2;1,0;75,0;257;70,4;1,3
2011;pomorskie;PL2202;strefa pomorska;PmSlupKniazi;Pm.63.wDSAa;PM2.5;24g;16,2;1,0;74,5;257;70,4;1,3
2011;œl¹skie;PL2401;Aglomeracja Górnoœl¹ska;SlGliwicMewy;SlGliwiGliw_mewy;PM2.5;1g;35,6;1,0;525,0;8287;94,6;1,0
2011;œl¹skie;PL2401;Aglomeracja Górnoœl¹ska;SlGliwicMewy;SlGliwiGliw_mewy;PM2.5;24g;34,2;5,0;256,0;355;97,3;1,1
2011;œl¹skie;PL2401;Aglomeracja Górnoœl¹ska;SlKatoKossut;SlKatowKato_kossu;PM2.5;1g;33,6;0,0;335,0;8202;93,6;1,0
2011;œl¹skie;PL2401;Aglomeracja Górnoœl¹ska;SlKatoKossut;SlKatowKato_kossu;PM2.5;24g;30,6;5,0;206,0;304;83,3;1,4
2011;œl¹skie;PL2401;Aglomeracja Górnoœl¹ska;SlKatoPlebA4;SlKatowKato_aleja;PM2.5;24g;45,3;5,0;222,0;299;81,9;0,8
2011;œl¹skie;PL2402;Aglomeracja Rybnicko-Jastrzêbska;SlZorySikors;SlZoryzZory_sikor;PM2.5;24g;33,0;5,0;196,0;325;89,0;1,2
2011;œl¹skie;PL2403;miasto Bielsko-Bia³a;SlBielSterni;SlBielbBiel_stern;PM2.5;24g;33,8;5,0;195,0;350;95,9;1,1
2011;œl¹skie;PL2404;miasto Czêstochowa;SlCzestoZana;SlCzestCzes_zana6;PM2.5;24g;37,0;5,0;269,0;329;90,1;1,0
2011;œl¹skie;PL2405;strefa œl¹ska;SlGodGliniki;SlGodowWodz_wodzi;PM2.5;24g;41,9;5,0;218,0;363;99,5;1,0
2011;œl¹skie;PL2405;strefa œl¹ska;SlZlotPotLes;SlZlotyJano_lesni;PM2.5;24g;21,3;5,0;90,0;318;87,1;1,2
2011;œwiêtokrzyskie;PL2601;miasto Kielce;SkKielJagiel;SkKielJagielWios;PM2.5;1g;38,4;0,5;335,1;7931;90,5;0,9
2011;œwiêtokrzyskie;PL2601;miasto Kielce;SkKielJagiel;SkKielJagielWios;PM2.5;24g;34,9;5,2;167,3;363;99,5;1,0
2011;œwiêtokrzyskie;PL2602;strefa œwiêtokrzyska;SkBuskRokosz;SkBuskoWios2;PM2.5;24g;29,8;3,6;121,1;320;87,7;0,9
2011;warmiñsko-mazurskie;PL2801;miasto Olsztyn;WmOlsPuszkin;WmOlsztyWIOS_Puszkin;PM2.5;1g;20,8;0,0;428,0;8484;96,8;1,1
2011;warmiñsko-mazurskie;PL2801;miasto Olsztyn;WmOlsPuszkin;WmOlsztyWIOS_Puszkin;PM2.5;24g;19,7;1,1;91,7;347;95,1;0,9
2011;warmiñsko-mazurskie;PL2802;miasto Elbl¹g;WmElbBazynsk;WmElblagWIOS_Bazynsk;PM2.5;24g;17,7;1,8;99,7;342;93,7;1,2
2011;warmiñsko-mazurskie;PL2803;strefa warmiñsko-mazurska;WmOstrChrobr;WmOstrodWIOS_Chrobre;PM2.5;24g;18,6;0,9;103,0;299;81,9;0,9
2011;warmiñsko-mazurskie;PL2803;strefa warmiñsko-mazurska;WmPuszczaBor;WmPuszcz_IOS_Borecka;PM2.5;24g;12,7;1,8;58,3;339;92,9;1,2
2011;wielkopolskie;PL3001;Aglomeracja Poznañska;WpPoznPolank;WpWKP001;PM2.5;1g;30,0;0,7;274,2;8496;97,0;1,0
2011;wielkopolskie;PL3001;Aglomeracja Poznañska;WpPoznPolank;WpWKP001;PM2.5;24g;27,5;4,7;168,5;349;95,6;1,0
2011;wielkopolskie;PL3002;miasto Kalisz;WpKaliSawick;WpWKPKalisz007/10;PM2.5;1g;33,4;0,1;344,9;8544;97,5;1,0
2011;wielkopolskie;PL3002;miasto Kalisz;WpKaliSawick;WpWKPKalisz007/10;PM2.5;24g;33,5;5,2;214,6;360;98,6;1,0
2011;zachodniopomorskie;PL3201;Aglomeracja Szczeciñska;ZpSzczAndr01;ZpSzczecin001;PM2.5;1g;15,7;0,0;140,0;7481;85,4;1,0
2011;zachodniopomorskie;PL3201;Aglomeracja Szczeciñska;ZpSzczAndr01;ZpSzczecin001;PM2.5;24g;15,9;1,4;93,8;355;97,3;1,0
2011;zachodniopomorskie;PL3201;Aglomeracja Szczeciñska;ZpSzczPils02;ZpSzczecin002;PM2.5;1g;21,7;1,0;149,0;6724;76,8;1,5
2011;zachodniopomorskie;PL3202;miasto Koszalin;ZpKoszSpasow;ZpKoszalin006;PM2.5;24g;12,7;1,2;61,3;354;97,0;1,1
2011;zachodniopomorskie;PL3203;strefa zachodniopomorska;ZpMyslZaBram;ZpMysMysliborz007;PM2.5;24g;23,2;2,0;113,9;363;99,5;1,0
2011;zachodniopomorskie;PL3203;strefa zachodniopomorska;ZpSzczec1Maj;ZpSzcSzczecinek008;PM2.5;24g;17,7;1,5;84,3;325;89,0;1,1
2012;dolnoœl¹skie;PL0201;Aglomeracja Wroc³awska;DsWrocAlWisn;DsWrocWisA;PM2.5;1g;30,7;2,0;227,0;7853;89,4;1,0
2012;dolnoœl¹skie;PL0201;Aglomeracja Wroc³awska;DsWrocAlWisn;DsWrocWisA;PM2.5;24g;30,7;5,4;190,9;347;94,8;1,0
2012;dolnoœl¹skie;PL0201;Aglomeracja Wroc³awska;DsWrocNaGrob;DsWrocGrobla;PM2.5;24g;26,8;1,0;208,0;362;98,9;1,0
2012;dolnoœl¹skie;PL0202;miasto Legnica;DsLegAlRzecz;DsLegRzeczA;PM2.5;24g;25,6;5,0;188,0;318;86,9;1,0
2012;dolnoœl¹skie;PL0203;miasto Wa³brzych;DsWalbrzWyso;DsWalbWysA;PM2.5;24g;22,4;2,0;214,0;360;98,4;1,0
2012;dolnoœl¹skie;PL0204;strefa dolnoœl¹ska;DsOsieczow21;DsOsieczow;PM2.5;24g;17,0;2,0;120,0;360;98,4;1,0
2012;kujawsko-pomorskie;PL0401;Aglomeracja Bydgoska;KpBydBerling;KpBydgBerlinga;PM2.5;24g;18,6;1,6;146,6;323;88,3;1,3
2012;kujawsko-pomorskie;PL0401;Aglomeracja Bydgoska;KpBydPlPozna;KpBydgPlPozn;PM2.5;1g;13,1;1,0;126,1;2809;32,0;2,2
2012;kujawsko-pomorskie;PL0401;Aglomeracja Bydgoska;KpBydWarszaw;KpBydgWarszawska;PM2.5;1g;22,1;1,0;541,5;6065;69,0;1,3
2012;kujawsko-pomorskie;PL0402;miasto Toruñ;KpToruDziewu;KpTorunDziewulsk;PM2.5;1g;15,8;1,0;178,5;6413;73,0;1,8
2012;kujawsko-pomorskie;PL0402;miasto Toruñ;KpToruDziewu;KpTorunDziewulsk;PM2.5;24g;14,7;2,8;78,2;307;83,9;1,4
2012;kujawsko-pomorskie;PL0403;miasto W³oc³awek;KpWloclSiels;KpWloclSielska;PM2.5;24g;21,7;5,2;87,3;281;76,8;1,0
2012;kujawsko-pomorskie;PL0404;strefa kujawsko - pomorska;KpWiktorowoG;KpAirpWiktorowo;PM2.5;1g;20,3;1,2;173,8;2900;33,0;0,6
2012;kujawsko-pomorskie;PL0404;strefa kujawsko - pomorska;KpZielBoryTu;KpZielBoryTuch;PM2.5;24g;15,5;1,9;85,6;343;93,7;1,0
2012;lubelskie;PL0601;Aglomeracja Lubelska;LbLubSliwins;LbLublin_Sliwins_5;PM2.5;24g;22,4;3,0;201,0;340;92,9;0,9
2012;lubelskie;PL0602;strefa lubelska;LbBiaPodOrze;LbBialaPOrzechowa;PM2.5;24g;21,6;5,0;183,0;337;92,1;1,1
2012;lubelskie;PL0602;strefa lubelska;LbChelJagiel;LbChelmJagWIOS;PM2.5;24g;20,4;2,5;191,0;314;85,8;1,0
2012;lubelskie;PL0602;strefa lubelska;LbZamoHrubie;LbZamoscHrubieszowsk;PM2.5;24g;20,9;2,5;198,7;365;99,7;1,0
2012;lubuskie;PL0801;miasto Gorzów Wielkopolski;LuGorzPilsud;LuGorzowWIOS_MAN;PM2.5;24g;16,9;1,5;88,6;308;84,2;0,9
2012;lubuskie;PL0802;miasto Zielona Góra;LuZielKrotka;LuZgoraWIOS_AUT;PM2.5;1g;24,5;0,0;202,0;7936;90,3;1,1
2012;lubuskie;PL0802;miasto Zielona Góra;LuZielKrotka;LuZgoraWIOS_AUT;PM2.5;24g;16,9;3,3;75,0;363;99,2;1,0
2012;lubuskie;PL0803;strefa lubuska;LuWsKaziWiel;LuWschowWIOS_AUT;PM2.5;24g;20,4;1,8;125,4;350;95,6;0,9
2012;³ódzkie;PL1001;Aglomeracja £ódzka;LdLodzCzerni;LdLodzWIOSACzernik;PM2.5;1g;28,9;1,0;336,0;8297;94,5;1,0
2012;³ódzkie;PL1001;Aglomeracja £ódzka;LdLodzCzerni;LdLodzWIOSACzernik;PM2.5;24g;24,5;4,2;137,0;332;90,7;0,9
2012;³ódzkie;PL1001;Aglomeracja £ódzka;LdZgieMielcz;LdZgierzWIOSAMielcza;PM2.5;1g;29,7;0,0;375,0;8423;95,9;1,0
2012;³ódzkie;PL1002;strefa ³ódzka;LdPioTrSienk;LdPiotrkWIOSMSienkie;PM2.5;24g;34,0;4,9;225,0;361;98,6;1,0
2012;ma³opolskie;PL1201;Aglomeracja Krakowska;MpKrakAlKras;MpKrakowWIOSAKra6117;PM2.5;1g;46,2;3,0;417,0;7201;82,0;1,6
2012;ma³opolskie;PL1201;Aglomeracja Krakowska;MpKrakAlKras;MpKrakowWIOSAKra6117;PM2.5;24g;46,1;8,2;314,2;298;81,4;1,6
2012;ma³opolskie;PL1201;Aglomeracja Krakowska;MpKrakBujaka;MpKrakowWIOSBuja6119;PM2.5;1g;34,7;3,0;344,0;8570;97,6;1,0
2012;ma³opolskie;PL1201;Aglomeracja Krakowska;MpKrakBujaka;MpKrakowWIOSBuja6119;PM2.5;24g;41,3;6,0;306,0;365;99,7;1,0
2012;ma³opolskie;PL1201;Aglomeracja Krakowska;MpKrakBulwar;MpKrakowWIOSBulw6118;PM2.5;1g;37,6;3,0;369,0;7779;88,6;0,9
2012;ma³opolskie;PL1201;Aglomeracja Krakowska;MpKrakBulwar;MpKrakowWIOSBulw6118;PM2.5;24g;38,0;4,1;243,4;313;85,5;0,9
2012;ma³opolskie;PL1202;miasto Tarnów;MpTarBitStud;MpTarnowWIOSBitw6304;PM2.5;24g;33,8;5,0;425,0;340;92,9;1,0
2012;ma³opolskie;PL1203;strefa ma³opolska;MpBochKonfed;MpBochniWIOSKBar0106;PM2.5;24g;34,3;6,0;268,0;267;73,0;0,8
2012;ma³opolskie;PL1203;strefa ma³opolska;MpNoSaczNadb;MpNSaczWIOSNadb6205;PM2.5;24g;42,7;6,0;258,0;365;99,7;1,0
2012;ma³opolskie;PL1203;strefa ma³opolska;MpTrzebOsZWM;MpTrzebiWIOSZWM0305;PM2.5;24g;32,5;6,0;225,0;328;89,6;0,9
2012;ma³opolskie;PL1203;strefa ma³opolska;MpZakopaSien;MpZakopaWIOSRown1701;PM2.5;24g;34,5;4,0;234,0;344;94,0;1,0
2012;mazowieckie;PL1401;Aglomeracja Warszawska;MzWarAlNiepo;MzWarNiepodKom;PM2.5;1g;25,1;0,5;264,9;7219;82,2;1,4
2012;mazowieckie;PL1401;Aglomeracja Warszawska;MzWarKondrat;MzWarTarKondra;PM2.5;24g;25,6;3,8;204,3;341;93,2;1,1
2012;mazowieckie;PL1401;Aglomeracja Warszawska;MzWarWokalna;MzWarszUrsynow;PM2.5;1g;28,7;0,5;293,9;8670;98,7;1,0
2012;mazowieckie;PL1401;Aglomeracja Warszawska;MzWarWokalna;MzWarszUrsynow;PM2.5;24g;28,7;5,5;159,0;361;98,6;1,0
2012;mazowieckie;PL1402;miasto P³ock;MzPlocMiReja;MzPlockReja;PM2.5;24g;24,1;2,9;118,6;318;86,9;0,9
2012;mazowieckie;PL1403;miasto Radom;MzRadHallera;MzRadomHallera;PM2.5;24g;24,9;3,8;218,3;349;95,4;1,1
2012;mazowieckie;PL1404;strefa mazowiecka;MzPiasPulask;MzPiastowPulask;PM2.5;24g;28,7;5,8;216,8;343;93,7;1,0
2012;mazowieckie;PL1404;strefa mazowiecka;MzSiedKonars;MzSiedlceKonar;PM2.5;1g;29,2;0,5;522,4;8281;94,3;1,0
2012;opolskie;PL1601;miasto Opole;OpOpoleOsAKr;OpOpole4pyl;PM2.5;24g;25,9;3,0;242,0;360;98,4;1,0
2012;opolskie;PL1602;strefa opolska;OpKKozBSmial;OpKkozle1a;PM2.5;1g;30,1;0,0;419,0;6927;78,9;1,3
2012;opolskie;PL1602;strefa opolska;OpKluczMicki;OpKlucz2pyl;PM2.5;24g;25,1;2,5;201,0;281;76,8;1,0
2012;podkarpackie;PL1801;miasto Rzeszów;PkRzeszRejta;PkRzeszWIOSNoweMiasto;PM2.5;24g;28,4;5,8;334,0;355;97,0;1,0
2012;podkarpackie;PL1801;miasto Rzeszów;PkRzeszWIOSSzop;PkRzeszWIOSSzop;PM2.5;1g;29,0;0,0;487,0;6827;77,7;1,3
2012;podkarpackie;PL1801;miasto Rzeszów;PkRzeszWIOSSzop;PkRzeszWIOSSzop;PM2.5;24g;25,5;5,7;172,0;338;92,3;1,1
2012;podkarpackie;PL1802;strefa podkarpacka;PkJasloSikor;PkJasloWIOSSikorskiego;PM2.5;1g;29,8;0,9;354,8;7308;83,2;1,2
2012;podkarpackie;PL1802;strefa podkarpacka;PkKrosKletow;PkKrosnoWIOSKletowki;PM2.5;24g;32,3;6,4;260,0;318;86,9;0,8
2012;podkarpackie;PL1802;strefa podkarpacka;PkNiskoSzkla;PkNiskoWIOSSzklar;PM2.5;24g;20,8;4,1;217,0;231;63,1;1,8
2012;podkarpackie;PL1802;strefa podkarpacka;PkPrzemyslWIOSMick;PkPrzemyslWIOSMick;PM2.5;1g;39,3;1,3;439,4;7052;80,3;1,6
2012;podlaskie;PL2001;Aglomeracja Bia³ostocka;PdBialWarsza;PdBialyWarszawska;PM2.5;24g;22,3;4,6;139,2;358;97,8;1,0
2012;podlaskie;PL2001;Aglomeracja Bia³ostocka;PdBialWaszyn;PdBialyMiejska;PM2.5;1g;24,7;0,0;430,0;8512;96,9;1,0
2012;podlaskie;PL2002;strefa podlaska;PdLomSikorsk;PdLomzaSikorskiego;PM2.5;24g;33,2;2,6;171,7;309;84,4;0,9
2012;pomorskie;PL2201;Aglomeracja Trójmiejska;PmGdaLeczk08;Pm.a08a;PM2.5;1g;14,1;1,1;162,8;8648;98,5;1,0
2012;pomorskie;PL2201;Aglomeracja Trójmiejska;PmGdaPowWiel;Pm.01w.02m;PM2.5;24g;16,2;3,0;90,0;354;96,7;1,0
2012;pomorskie;PL2202;strefa pomorska;Pm.63.wDSMm;Pm.63.wDSMm;PM2.5;24g;17,3;1,0;73,0;228;62,3;0,6
2012;pomorskie;PL2202;strefa pomorska;PmKosTargo12;Pm.AM12.a;PM2.5;1g;33,7;0,1;766,0;8358;95,2;1,0
2012;pomorskie;PL2202;strefa pomorska;PmKosTargo12;Pm.AM12.a;PM2.5;24g;28,0;3,0;176,0;313;85,5;1,0
2012;pomorskie;PL2202;strefa pomorska;PmSlupKniazi;Pm.63.wDSAa;PM2.5;24g;17,3;1,0;73,0;228;62,3;0,6
2012;œl¹skie;PL2401;Aglomeracja Górnoœl¹ska;SlGliwicMewy;SlGliwiGliw_mewy;PM2.5;1g;36,5;0,0;576,0;8459;96,3;1,0
2012;œl¹skie;PL2401;Aglomeracja Górnoœl¹ska;SlGliwicMewy;SlGliwiGliw_mewy;PM2.5;24g;33,9;5,0;246,0;345;94,3;1,1
2012;œl¹skie;PL2401;Aglomeracja Górnoœl¹ska;SlKatoKossut;SlKatowKato_kossu;PM2.5;1g;34,9;1,0;539,0;8271;94,2;1,1
2012;œl¹skie;PL2401;Aglomeracja Górnoœl¹ska;SlKatoKossut;SlKatowKato_kossu;PM2.5;24g;34,6;5,0;330,0;364;99,5;1,0
2012;œl¹skie;PL2401;Aglomeracja Górnoœl¹ska;SlKatoPlebA4;SlKatowKato_aleja;PM2.5;24g;38,8;5,0;341,0;361;98,6;1,0
2012;œl¹skie;PL2402;Aglomeracja Rybnicko-Jastrzêbska;SlZorySikors;SlZoryzZory_sikor;PM2.5;24g;32,6;5,0;354,0;310;84,7;0,7
2012;œl¹skie;PL2403;miasto Bielsko-Bia³a;SlBielSterni;SlBielbBiel_stern;PM2.5;24g;34,3;5,0;246,0;322;88,0;0,8
2012;œl¹skie;PL2404;miasto Czêstochowa;SlCzestoZana;SlCzestCzes_zana6;PM2.5;24g;30,2;5,0;240,0;330;90,2;1,0
2012;œl¹skie;PL2405;strefa œl¹ska;SlGodGliniki;SlGodowWodz_wodzi;PM2.5;24g;39,9;5,0;207,0;354;96,7;1,0
2012;œl¹skie;PL2405;strefa œl¹ska;SlZlotPotLes;SlZlotyJano_lesni;PM2.5;24g;17,9;5,0;116,0;279;76,2;1,7
2012;œwiêtokrzyskie;PL2601;miasto Kielce;SkKielJagiel;SkKielJagielWios;PM2.5;1g;29,9;0,0;541,3;8157;92,9;1,1
2012;œwiêtokrzyskie;PL2601;miasto Kielce;SkKielJagiel;SkKielJagielWios;PM2.5;24g;40,3;5,1;218,2;171;46,7;0,2
2012;œwiêtokrzyskie;PL2602;strefa œwiêtokrzyska;SkBuskRokosz;SkBuskoWios2;PM2.5;24g;26,1;6,5;182,5;362;98,9;1,0
2012;œwiêtokrzyskie;PL2602;strefa œwiêtokrzyska;SkPolaRuszcz;SkPolanRuszcz;PM2.5;1g;24,5;1,7;320,3;8743;99,5;1,0
2012;œwiêtokrzyskie;PL2602;strefa œwiêtokrzyska;SkStaraZlota;SkStaracZlota2;PM2.5;24g;28,3;1,3;178,7;317;86,6;0,9
2012;warmiñsko-mazurskie;PL2801;miasto Olsztyn;WmOlsPuszkin;WmOlsztyWIOS_Puszkin;PM2.5;24g;18,2;2,2;99,0;314;85,8;1,0
2012;warmiñsko-mazurskie;PL2802;miasto Elbl¹g;WmElbBazynsk;WmElblagWIOS_Bazynsk;PM2.5;24g;18,0;1,8;101,0;354;96,7;1,1
2012;warmiñsko-mazurskie;PL2803;strefa warmiñsko-mazurska;WmOstrChrobr;WmOstrodWIOS_Chrobre;PM2.5;24g;18,4;2,1;120,7;361;98,6;1,0
2012;warmiñsko-mazurskie;PL2803;strefa warmiñsko-mazurska;WmPuszczaBor;WmPuszcz_IOS_Borecka;PM2.5;24g;13,8;1,4;70,6;364;99,5;1,0
2012;wielkopolskie;PL3001;Aglomeracja Poznañska;WpPoznPolank;WpWKP001;PM2.5;1g;28,9;0,7;234,1;7638;87,0;0,9
2012;wielkopolskie;PL3001;Aglomeracja Poznañska;WpPoznPolank;WpWKP001;PM2.5;24g;24,4;5,0;161,3;316;86,3;1,0
2012;wielkopolskie;PL3002;miasto Kalisz;WpKaliSawick;WpWKPKalisz007/10;PM2.5;1g;31,9;0,5;434,9;8387;95,5;1,0
2012;zachodniopomorskie;PL3201;Aglomeracja Szczeciñska;ZpSzczAndr01;ZpSzczecin001;PM2.5;1g;17,1;0,0;186,0;4590;52,3;0,8
2012;zachodniopomorskie;PL3201;Aglomeracja Szczeciñska;ZpSzczAndr01;ZpSzczecin001;PM2.5;24g;14,9;1,0;91,5;358;97,8;1,0
2012;zachodniopomorskie;PL3201;Aglomeracja Szczeciñska;ZpSzczPils02;ZpSzczecin002;PM2.5;1g;17,6;1,0;120,0;8662;98,6;1,0
2012;zachodniopomorskie;PL3202;miasto Koszalin;ZpKoszSpasow;ZpKoszalin006;PM2.5;24g;9,9;1,0;50,0;338;92,3;1,2
2012;zachodniopomorskie;PL3203;strefa zachodniopomorska;ZpMyslZaBram;ZpMysMysliborz007;PM2.5;24g;21,0;1,0;99,9;285;77,9;0,9
2012;zachodniopomorskie;PL3203;strefa zachodniopomorska;ZpSzczec1Maj;ZpSzcSzczecinek008;PM2.5;24g;14,7;2,4;66,2;365;99,7;1,0
2013;dolnoœl¹skie;PL0201;Aglomeracja Wroc³awska;DsWrocAlWisn;DsWrocWisA;PM2.5;1g;30,4;3,0;180,0;8073;92,2;1,0
2013;dolnoœl¹skie;PL0201;Aglomeracja Wroc³awska;DsWrocNaGrob;DsWrocGrobla;PM2.5;24g;27,8;4,4;132,0;358;98,1;1,0
2013;dolnoœl¹skie;PL0202;miasto Legnica;DsLegAlRzecz;DsLegRzeczA;PM2.5;24g;26,7;5,0;137,0;356;97,5;1,0
2013;dolnoœl¹skie;PL0203;miasto Wa³brzych;DsWalbrzWyso;DsWalbWysA;PM2.5;24g;23,8;2,0;138,0;345;94,5;1,0
2013;dolnoœl¹skie;PL0204;strefa dolnoœl¹ska;DsOsieczow21;DsOsieczow;PM2.5;24g;17,6;2,5;84,2;359;98,4;1,0
2013;dolnoœl¹skie;PL0204;strefa dolnoœl¹ska;DsZgorBohGet;DsZgorzBohA;PM2.5;24g;23,7;4,6;100,9;314;86,0;1,3
2013;kujawsko-pomorskie;PL0401;Aglomeracja Bydgoska;KpBydBerling;KpBydgBerlinga;PM2.5;24g;18,3;1,4;77,3;365;100,0;1,0
2013;kujawsko-pomorskie;PL0401;Aglomeracja Bydgoska;KpBydWarszaw;KpBydgWarszawska;PM2.5;1g;23,4;1,0;340,8;8110;92,6;1,0
2013;kujawsko-pomorskie;PL0402;miasto Toruñ;KpToruDziewu;KpTorunDziewulsk;PM2.5;24g;16,5;0,9;61,9;324;88,8;1,3
2013;kujawsko-pomorskie;PL0403;miasto W³oc³awek;KpWloclSiels;KpWloclSielska;PM2.5;24g;19,1;3,9;57,1;350;95,9;1,0
2013;kujawsko-pomorskie;PL0404;strefa kujawsko - pomorska;KpWiktorowoG;KpAirpWiktorowo;PM2.5;1g;10,7;1,0;127,7;7987;91,2;1,0
2013;kujawsko-pomorskie;PL0404;strefa kujawsko - pomorska;KpZielBoryTu;KpZielBoryTuch;PM2.5;24g;14,5;2,5;77,7;362;99,2;1,0
2013;lubelskie;PL0601;Aglomeracja Lubelska;LbLubSliwins;LbLublin_Sliwins_5;PM2.5;24g;21,4;1,0;76,0;353;96,7;1,1
2013;lubelskie;PL0602;strefa lubelska;LbBiaPodOrze;LbBialaPOrzechowa;PM2.5;24g;20,4;5,0;70,0;362;99,2;1,0
2013;lubelskie;PL0602;strefa lubelska;LbChelJagiel;LbChelmJagWIOS;PM2.5;24g;21,3;5,0;96,0;349;95,6;1,1
2013;lubelskie;PL0602;strefa lubelska;LbZamoHrubie;LbZamoscHrubieszowsk;PM2.5;24g;22,4;3,0;74,0;365;100,0;1,0
2013;lubuskie;PL0801;miasto Gorzów Wielkopolski;LuGorzPilsud;LuGorzowWIOS_MAN;PM2.5;24g;16,4;2,9;94,4;334;91,5;1,2
2013;lubuskie;PL0802;miasto Zielona Góra;LuZielKrotka;LuZgoraWIOS_AUT;PM2.5;1g;23,9;0,0;153,0;7898;90,2;1,1
2013;lubuskie;PL0802;miasto Zielona Góra;LuZielKrotka;LuZgoraWIOS_AUT;PM2.5;24g;20,4;1,6;92,1;362;99,2;1,0
2013;lubuskie;PL0803;strefa lubuska;LuWsKaziWiel;LuWschowWIOS_AUT;PM2.5;24g;22,0;4,2;114,3;358;98,1;1,0
2013;³ódzkie;PL1001;Aglomeracja £ódzka;LdLodzCzerni;LdLodzWIOSACzernik;PM2.5;24g;23,0;3,4;87,0;353;96,7;1,1
2013;³ódzkie;PL1001;Aglomeracja £ódzka;LdLodzLegion;LdLodzWSSEMLegiono;PM2.5;24g;30,1;2,2;105,0;346;94,8;1,1
2013;³ódzkie;PL1001;Aglomeracja £ódzka;LdZgieMielcz;LdZgierzWIOSAMielcza;PM2.5;1g;27,5;1,0;390,0;8514;97,2;1,0
2013;³ódzkie;PL1002;strefa ³ódzka;LdPioTrSienk;LdPiotrkWIOSMSienkie;PM2.5;24g;30,4;4,7;150,0;354;97,0;1,1
2013;ma³opolskie;PL1201;Aglomeracja Krakowska;MpKrakAlKras;MpKrakowWIOSAKra6117;PM2.5;1g;43,5;4,0;272,0;8638;98,6;1,0
2013;ma³opolskie;PL1201;Aglomeracja Krakowska;MpKrakBujaka;MpKrakowWIOSBuja6119;PM2.5;1g;32,0;3,0;291,0;8320;95,0;1,0
2013;ma³opolskie;PL1201;Aglomeracja Krakowska;MpKrakBujaka;MpKrakowWIOSBuja6119;PM2.5;24g;33,4;5,0;187,0;359;98,4;1,0
2013;ma³opolskie;PL1201;Aglomeracja Krakowska;MpKrakBulwar;MpKrakowWIOSBulw6118;PM2.5;1g;35,2;3,0;308,0;8408;96,0;1,0
2013;ma³opolskie;PL1202;miasto Tarnów;MpTarBitStud;MpTarnowWIOSBitw6304;PM2.5;24g;27,1;5,0;136,0;334;91,5;0,8
2013;ma³opolskie;PL1203;strefa ma³opolska;MpBochKonfed;MpBochniWIOSKBar0106;PM2.5;24g;29,8;5,0;156,0;344;94,2;1,1
2013;ma³opolskie;PL1203;strefa ma³opolska;MpNoSaczNadb;MpNSaczWIOSNadb6205;PM2.5;24g;35,9;5,0;203,0;364;99,7;1,0
2013;ma³opolskie;PL1203;strefa ma³opolska;MpTrzebOsZWM;MpTrzebiWIOSZWM0305;PM2.5;24g;27,9;5,0;150,0;355;97,3;1,0
2013;ma³opolskie;PL1203;strefa ma³opolska;MpZakopaSien;MpZakopaWIOSRown1701;PM2.5;24g;31,6;5,0;244,0;365;100,0;1,0
2013;mazowieckie;PL1401;Aglomeracja Warszawska;MzWarAlNiepo;MzWarNiepodKom;PM2.5;1g;31,2;1,1;209,5;7918;90,4;1,0
2013;mazowieckie;PL1401;Aglomeracja Warszawska;MzWarKondrat;MzWarTarKondra;PM2.5;24g;23,6;4,0;107,4;352;96,4;1,0
2013;mazowieckie;PL1401;Aglomeracja Warszawska;MzWarWokalna;MzWarszUrsynow;PM2.5;1g;23,6;1,3;132,8;8405;95,9;1,0
2013;mazowieckie;PL1401;Aglomeracja Warszawska;MzWarWokalna;MzWarszUrsynow;PM2.5;24g;22,4;4,3;87,8;346;94,8;1,1
2013;mazowieckie;PL1402;miasto P³ock;MzPlocKroJad;MzPlockPKN;PM2.5;24g;22,1;3,1;95,8;329;90,1;0,8
2013;mazowieckie;PL1403;miasto Radom;MzRadHallera;MzRadomHallera;PM2.5;24g;24,3;4,0;110,5;349;95,6;1,1
2013;mazowieckie;PL1404;strefa mazowiecka;MzPiasPulask;MzPiastowPulask;PM2.5;24g;27,1;4,7;114,2;359;98,4;1,0
2013;mazowieckie;PL1404;strefa mazowiecka;MzSiedKonars;MzSiedlceKonar;PM2.5;1g;28,1;0,5;301,0;8545;97,5;1,0
2013;opolskie;PL1601;miasto Opole;OpOpoleOsAKr;OpOpole4pyl;PM2.5;24g;23,7;2,5;111,0;353;96,7;1,0
2013;opolskie;PL1602;strefa opolska;OpKKozBSmial;OpKkozle1a;PM2.5;1g;32,9;0,0;324,0;8019;91,5;0,9
2013;opolskie;PL1602;strefa opolska;OpKluczMicki;OpKlucz2pyl;PM2.5;24g;27,1;2,5;137,0;344;94,2;1,1
2013;podkarpackie;PL1801;miasto Rzeszów;PkRzeszRejta;PkRzeszWIOSNoweMiasto;PM2.5;24g;25,1;4,5;168,0;362;99,2;1,0
2013;podkarpackie;PL1802;strefa podkarpacka;PkKrosKletow;PkKrosnoWIOSKletowki;PM2.5;24g;27,6;6,9;117,0;339;92,9;1,1
2013;podkarpackie;PL1802;strefa podkarpacka;PkNiskoSzkla;PkNiskoWIOSSzklar;PM2.5;24g;26,0;6,6;170,0;349;95,6;1,1
2013;podkarpackie;PL1802;strefa podkarpacka;PkPrzemGrunw;PkPrzemyslWIOSGrunw;PM2.5;1g;24,4;1,7;174,0;8413;96,0;1,0
2013;podlaskie;PL2001;Aglomeracja Bia³ostocka;PdBialWarsza;PdBialyWarszawska;PM2.5;24g;19,3;2,5;88,2;337;92,3;1,0
2013;podlaskie;PL2001;Aglomeracja Bia³ostocka;PdBialWaszyn;PdBialyMiejska;PM2.5;1g;20,5;0,0;456,0;8615;98,3;1,0
2013;podlaskie;PL2002;strefa podlaska;PdLomSikorsk;PdLomzaSikorskiego;PM2.5;24g;27,9;1,6;176,1;306;83,8;1,1
2013;pomorskie;PL2201;Aglomeracja Trójmiejska;PmGdaLeczk08;Pm.a08a;PM2.5;1g;13,0;0,8;143,3;8515;97,2;1,1
2013;pomorskie;PL2201;Aglomeracja Trójmiejska;PmGdaPowWiel;Pm.01w.02m;PM2.5;24g;13,8;1,0;74,0;356;97,5;1,0
2013;pomorskie;PL2202;strefa pomorska;PmKosTargo12;Pm.AM12.a;PM2.5;24g;27,8;2,0;118,0;349;95,6;1,0
2013;œl¹skie;PL2401;Aglomeracja Górnoœl¹ska;SlGliwicMewy;SlGliwiGliw_mewy;PM2.5;1g;34,0;1,0;343,0;8529;97,4;1,0
2013;œl¹skie;PL2401;Aglomeracja Górnoœl¹ska;SlGliwicMewy;SlGliwiGliw_mewy;PM2.5;24g;34,6;2,5;160,0;355;97,3;1,0
2013;œl¹skie;PL2401;Aglomeracja Górnoœl¹ska;SlKatoKossut;SlKatowKato_kossu;PM2.5;1g;32,2;0,0;319,0;8593;98,1;1,0
2013;œl¹skie;PL2401;Aglomeracja Górnoœl¹ska;SlKatoKossut;SlKatowKato_kossu;PM2.5;24g;33,0;2,5;180,0;327;89,6;1,0
2013;œl¹skie;PL2401;Aglomeracja Górnoœl¹ska;SlKatoPlebA4;SlKatowKato_aleja;PM2.5;24g;36,7;9,0;180,0;341;93,4;1,0
2013;œl¹skie;PL2402;Aglomeracja Rybnicko-Jastrzêbska;SlZorySikors;SlZoryzZory_sikor;PM2.5;24g;31,4;2,5;192,0;339;92,9;1,0
2013;œl¹skie;PL2403;miasto Bielsko-Bia³a;SlBielSterni;SlBielbBiel_stern;PM2.5;24g;33,6;2,5;250,0;362;99,2;1,0
2013;œl¹skie;PL2404;miasto Czêstochowa;SlCzestoZana;SlCzestCzes_zana6;PM2.5;24g;28,6;2,5;150,0;355;97,3;1,0
2013;œl¹skie;PL2405;strefa œl¹ska;SlGodGliniki;SlGodowWodz_wodzi;PM2.5;24g;38,4;8,0;210,0;340;93,2;1,2
2013;œl¹skie;PL2405;strefa œl¹ska;SlZlotPotLes;SlZlotyJano_lesni;PM2.5;1g;23,0;6,0;161,0;7699;87,9;0,9
2013;œl¹skie;PL2405;strefa œl¹ska;SlZlotPotLes;SlZlotyJano_lesni;PM2.5;24g;23,0;8,0;120,0;332;91,0;0,9
2013;œwiêtokrzyskie;PL2601;miasto Kielce;SkKielJagiel;SkKielJagielWios;PM2.5;24g;28,8;2,3;114,0;361;98,9;1,0
2013;œwiêtokrzyskie;PL2602;strefa œwiêtokrzyska;SkBuskRokosz;SkBuskoWios2;PM2.5;24g;24,4;3,3;149,6;323;88,5;1,3
2013;œwiêtokrzyskie;PL2602;strefa œwiêtokrzyska;SkMalo11List;SkMalogCemen3;PM2.5;1g;23,5;1,0;225,3;8264;94,3;0,9
2013;œwiêtokrzyskie;PL2602;strefa œwiêtokrzyska;SkPolaRuszcz;SkPolanRuszcz;PM2.5;1g;26,4;0,3;268,7;8546;97,6;1,0
2013;œwiêtokrzyskie;PL2602;strefa œwiêtokrzyska;SkStaraZlota;SkStaracZlota2;PM2.5;24g;26,8;5,1;116,4;352;96,4;1,0
2013;warmiñsko-mazurskie;PL2801;miasto Olsztyn;WmOlsPuszkin;WmOlsztyWIOS_Puszkin;PM2.5;24g;16,2;1,5;108,8;354;97,0;1,0
2013;warmiñsko-mazurskie;PL2802;miasto Elbl¹g;WmElbBazynsk;WmElblagWIOS_Bazynsk;PM2.5;24g;17,3;0,6;122,9;336;92,1;1,2
2013;warmiñsko-mazurskie;PL2803;strefa warmiñsko-mazurska;WmOstrChrobr;WmOstrodWIOS_Chrobre;PM2.5;24g;16,2;2,0;97,8;350;95,9;1,1
2013;warmiñsko-mazurskie;PL2803;strefa warmiñsko-mazurska;WmPuszczaBor;WmPuszcz_IOS_Borecka;PM2.5;24g;12,8;1,8;69,1;336;92,1;0,9
2013;wielkopolskie;PL3001;Aglomeracja Poznañska;WpPoznPolank;WpWKP001;PM2.5;1g;20,6;1,3;162,5;8523;97,3;1,0
2013;wielkopolskie;PL3001;Aglomeracja Poznañska;WpPoznPolank;WpWKP001;PM2.5;24g;23,4;4,3;100,7;360;98,6;1,0
2013;wielkopolskie;PL3002;miasto Kalisz;WpKaliSawick;WpWKPKalisz007/10;PM2.5;1g;32,3;0,0;208,4;8449;96,4;1,0
2013;wielkopolskie;PL3002;miasto Kalisz;WpKaliSawick;WpWKPKalisz007/10;PM2.5;24g;27,7;3,4;144,5;362;99,2;1,0
2013;zachodniopomorskie;PL3201;Aglomeracja Szczeciñska;ZpSzczAndr01;ZpSzczecin001;PM2.5;24g;13,9;2,0;77,6;332;91,0;0,9
2013;zachodniopomorskie;PL3201;Aglomeracja Szczeciñska;ZpSzczPils02;ZpSzczecin002;PM2.5;1g;17,0;1,0;134,0;8603;98,2;1,0
2013;zachodniopomorskie;PL3202;miasto Koszalin;ZpKoszSpasow;ZpKoszalin006;PM2.5;24g;11,9;1,4;64,6;362;99,2;1,0
2013;zachodniopomorskie;PL3203;strefa zachodniopomorska;ZpMyslZaBram;ZpMysMysliborz007;PM2.5;24g;18,6;1,4;115,4;348;95,3;1,0
2013;zachodniopomorskie;PL3203;strefa zachodniopomorska;ZpSzczec1Maj;ZpSzcSzczecinek008;PM2.5;24g;14,4;2,7;69,0;364;99,7;1,0
2014;dolnoœl¹skie;PL0201;Aglomeracja Wroc³awska;DsWrocAlWisn;DsWrocWisA;PM2.5;1g;28,6;1,0;269,0;8017;91,5;1,0
2014;dolnoœl¹skie;PL0201;Aglomeracja Wroc³awska;DsWrocNaGrob;DsWrocGrobla;PM2.5;24g;23,1;5,1;88,2;332;91,0;1,2
2014;dolnoœl¹skie;PL0202;miasto Legnica;DsLegAlRzecz;DsLegRzeczA;PM2.5;24g;26,6;5,0;131,0;345;94,5;0,9
2014;dolnoœl¹skie;PL0203;miasto Wa³brzych;DsWalbrzWyso;DsWalbWysA;PM2.5;24g;24,4;2,0;202,0;345;94,5;0,9
2014;dolnoœl¹skie;PL0204;strefa dolnoœl¹ska;DsOsieczow21;DsOsieczow;PM2.5;24g;16,0;2,2;69,7;326;89,3;1,2
2014;dolnoœl¹skie;PL0204;strefa dolnoœl¹ska;DsZgorBohGet;DsZgorzBohA;PM2.5;24g;20,2;3,0;94,7;358;98,1;1,0
2014;kujawsko-pomorskie;PL0401;Aglomeracja Bydgoska;KpBydBerling;KpBydgBerlinga;PM2.5;24g;19,3;1,3;65,9;328;89,9;1,0
2014;kujawsko-pomorskie;PL0401;Aglomeracja Bydgoska;KpBydPlPozna;KpBydgPlPozn;PM2.5;1g;24,3;1,0;320,9;7679;87,7;1,1
2014;kujawsko-pomorskie;PL0401;Aglomeracja Bydgoska;KpBydWarszaw;KpBydgWarszawska;PM2.5;1g;24,6;1,0;314,4;6948;79,3;1,4
2014;kujawsko-pomorskie;PL0402;miasto Toruñ;KpToruDziewu;KpTorunDziewulsk;PM2.5;1g;20,6;1,0;198,1;6622;75,6;1,4
2014;kujawsko-pomorskie;PL0402;miasto Toruñ;KpToruDziewu;KpTorunDziewulsk;PM2.5;24g;21,1;1,6;86,7;354;97,0;1,1
2014;kujawsko-pomorskie;PL0403;miasto W³oc³awek;KpWloclSiels;KpWloclSielska;PM2.5;24g;20,9;2,3;89,2;276;75,6;1,8
2014;kujawsko-pomorskie;PL0404;strefa kujawsko - pomorska;KpGrudSienki;KpGrudzStar;PM2.5;24g;24,6;1,6;120,8;362;99,2;1,0
2014;kujawsko-pomorskie;PL0404;strefa kujawsko - pomorska;KpWiktorowoG;KpAirpWiktorowo;PM2.5;1g;23,2;1,0;122,9;5674;64,8;1,1
2014;kujawsko-pomorskie;PL0404;strefa kujawsko - pomorska;KpZielBoryTu;KpZielBoryTuch;PM2.5;24g;14,6;1,4;60,0;343;94,0;1,1
2014;lubelskie;PL0601;Aglomeracja Lubelska;LbLubSliwins;LbLublin_Sliwins_5;PM2.5;24g;23,0;3,0;101,0;336;92,1;0,9
2014;lubelskie;PL0602;strefa lubelska;LbBiaPodOrze;LbBialaPOrzechowa;PM2.5;24g;25,8;3,0;216,0;354;97,0;1,0
2014;lubelskie;PL0602;strefa lubelska;LbChelJagiel;LbChelmJagWIOS;PM2.5;24g;23,9;4,0;111,0;364;99,7;1,0
2014;lubelskie;PL0602;strefa lubelska;LbZamoHrubie;LbZamoscHrubieszowsk;PM2.5;24g;22,9;2,0;87,0;361;98,9;1,0
2014;lubuskie;PL0801;miasto Gorzów Wielkopolski;LuGorzPilsud;LuGorzowWIOS_MAN;PM2.5;24g;14,8;2,0;53,3;351;96,2;1,1
2014;lubuskie;PL0802;miasto Zielona Góra;LuZielKrotka;LuZgoraWIOS_AUT;PM2.5;1g;26,3;0,0;241,2;7467;85,2;1,1
2014;lubuskie;PL0802;miasto Zielona Góra;LuZielKrotka;LuZgoraWIOS_AUT;PM2.5;24g;21,6;3,7;86,1;363;99,5;1,0
2014;lubuskie;PL0803;strefa lubuska;LuWsKaziWiel;LuWschowWIOS_AUT;PM2.5;24g;22,6;4,8;93,4;325;89,0;0,8
2014;³ódzkie;PL1001;Aglomeracja £ódzka;LdLodzCzerni;LdLodzWIOSACzernik;PM2.5;1g;29,0;1,1;276,3;8303;94,8;1,1
2014;³ódzkie;PL1001;Aglomeracja £ódzka;LdLodzCzerni;LdLodzWIOSACzernik;PM2.5;24g;24,3;5,5;75,0;363;99,5;1,0
2014;³ódzkie;PL1001;Aglomeracja £ódzka;LdLodzLegion;LdLodzWSSEMLegiono;PM2.5;24g;30,6;3,8;106,0;347;95,1;1,0
2014;³ódzkie;PL1001;Aglomeracja £ódzka;LdZgieMielcz;LdZgierzWIOSAMielcza;PM2.5;1g;22,0;0,5;296,9;8250;94,2;1,0
2014;³ódzkie;PL1002;strefa ³ódzka;LdPioTrSienk;LdPiotrkWIOSMSienkie;PM2.5;24g;32,5;6,0;139,0;362;99,2;1,0
2014;ma³opolskie;PL1201;Aglomeracja Krakowska;MpKrakAlKras;MpKrakowWIOSAKra6117;PM2.5;1g;45,0;4,0;264,0;8678;99,1;1,0
2014;ma³opolskie;PL1201;Aglomeracja Krakowska;MpKrakBujaka;MpKrakowWIOSBuja6119;PM2.5;1g;31,4;2,0;270,0;8428;96,2;1,1
2014;ma³opolskie;PL1201;Aglomeracja Krakowska;MpKrakBujaka;MpKrakowWIOSBuja6119;PM2.5;24g;33,0;4,0;206,0;350;95,9;1,0
2014;ma³opolskie;PL1201;Aglomeracja Krakowska;MpKrakBulwar;MpKrakowWIOSBulw6118;PM2.5;1g;31,8;3,0;245,0;8730;99,7;1,0
2014;ma³opolskie;PL1202;miasto Tarnów;MpTarBitStud;MpTarnowWIOSBitw6304;PM2.5;24g;25,5;5,0;112,0;347;95,1;1,1
2014;ma³opolskie;PL1203;strefa ma³opolska;MpBochKonfed;MpBochniWIOSKBar0106;PM2.5;24g;29,5;5,0;132,0;337;92,3;0,9
2014;ma³opolskie;PL1203;strefa ma³opolska;MpNoSaczNadb;MpNSaczWIOSNadb6205;PM2.5;24g;33,1;7,0;158,0;352;96,4;1,0
2014;ma³opolskie;PL1203;strefa ma³opolska;MpTrzebOsZWM;MpTrzebiWIOSZWM0305;PM2.5;24g;24,7;6,0;95,0;359;98,4;1,0
2014;ma³opolskie;PL1203;strefa ma³opolska;MpZakopaSien;MpZakopaWIOSRown1701;PM2.5;24g;29,9;5,0;169,0;363;99,5;1,0
2014;mazowieckie;PL1401;Aglomeracja Warszawska;MzWarAlNiepo;MzWarNiepodKom;PM2.5;1g;29,9;0,8;148,6;8144;93,0;0,9
2014;mazowieckie;PL1401;Aglomeracja Warszawska;MzWarKondrat;MzWarTarKondra;PM2.5;24g;25,5;5,4;106,7;339;92,9;1,0
2014;mazowieckie;PL1401;Aglomeracja Warszawska;MzWarWokalna;MzWarszUrsynow;PM2.5;1g;23,7;1,2;141,3;8581;98,0;1,0
2014;mazowieckie;PL1401;Aglomeracja Warszawska;MzWarWokalna;MzWarszUrsynow;PM2.5;24g;23,0;1,8;81,6;349;95,6;1,0
2014;mazowieckie;PL1402;miasto P³ock;MzPlocKroJad;MzPlockPKN;PM2.5;24g;24,0;1,6;84,5;338;92,6;0,9
2014;mazowieckie;PL1402;miasto P³ock;MzPlocMiReja;MzPlockReja;PM2.5;1g;24,3;1,0;156,5;8529;97,4;1,1
2014;mazowieckie;PL1403;miasto Radom;MzRadHallera;MzRadomHallera;PM2.5;24g;24,5;5,1;105,8;349;95,6;1,1
2014;mazowieckie;PL1403;miasto Radom;MzRadTochter;MzRadomTochter;PM2.5;1g;29,4;1,4;270,0;8714;99,5;1,0
2014;mazowieckie;PL1404;strefa mazowiecka;MzLegZegrzyn;MzLegionZegIMGW;PM2.5;1g;31,4;0,1;459,8;8175;93,3;1,0
2014;mazowieckie;PL1404;strefa mazowiecka;MzPiasPulask;MzPiastowPulask;PM2.5;24g;27,6;1,3;117,9;313;85,8;1,1
2014;mazowieckie;PL1404;strefa mazowiecka;MzSiedKonars;MzSiedlceKonar;PM2.5;1g;26,5;1,7;305,5;8729;99,6;1,0
2014;mazowieckie;PL1404;strefa mazowiecka;MzZyraRoosev;MzZyrardRoosevel;PM2.5;1g;28,2;2,0;289,6;8266;94,4;1,1
2014;opolskie;PL1601;miasto Opole;OpOpoleOsAKr;OpOpole4pyl;PM2.5;24g;21,3;2,5;98,0;342;93,7;1,0
2014;opolskie;PL1602;strefa opolska;OpKKozBSmial;OpKkozle1a;PM2.5;1g;31,5;1,0;208,0;7671;87,6;0,9
2014;opolskie;PL1602;strefa opolska;OpKluczMicki;OpKlucz2pyl;PM2.5;24g;24,8;2,5;101,0;297;81,4;0,7
2014;podkarpackie;PL1801;miasto Rzeszów;PkRzeszRejta;PkRzeszWIOSNoweMiasto;PM2.5;24g;23,4;3,2;110,0;350;95,9;1,0
2014;podkarpackie;PL1802;strefa podkarpacka;PkJasloSikor;PkJasloWIOSSikorskiego;PM2.5;24g;22,4;3,1;101,0;342;93,7;1,1
2014;podkarpackie;PL1802;strefa podkarpacka;PkKrosKletow;PkKrosnoWIOSKletowki;PM2.5;24g;24,7;5,9;114,0;339;92,9;0,9
2014;podkarpackie;PL1802;strefa podkarpacka;PkNiskoSzkla;PkNiskoWIOSSzklar;PM2.5;24g;24,7;4,4;88,3;348;95,3;1,0
2014;podkarpackie;PL1802;strefa podkarpacka;PkPrzemGrunw;PkPrzemyslWIOSGrunw;PM2.5;1g;24,7;0,9;241,6;8418;96,1;1,0
2014;podlaskie;PL2001;Aglomeracja Bia³ostocka;PdBialWarsza;PdBialyWarszawska;PM2.5;24g;21,9;4,5;88,3;347;95,1;1,1
2014;podlaskie;PL2001;Aglomeracja Bia³ostocka;PdBialWaszyn;PdBialyMiejska;PM2.5;1g;19,6;0,0;246,0;7668;87,5;1,1
2014;podlaskie;PL2002;strefa podlaska;PdLomSikorsk;PdLomzaSikorskiego;PM2.5;24g;28,0;2,0;164,2;316;86,6;1,3
2014;podlaskie;PL2002;strefa podlaska;PdSuwPulaski;PdSuwPulaski;PM2.5;1g;15,2;0,0;139,8;4951;56,5;1,3
2014;pomorskie;PL2201;Aglomeracja Trójmiejska;PmGdaLeczk08;Pm.a08a;PM2.5;1g;16,1;0,4;126,0;8627;98,5;1,0
2014;pomorskie;PL2201;Aglomeracja Trójmiejska;PmGdaPowWiel;Pm.01w.02m;PM2.5;24g;17,6;1,0;101,0;318;87,1;0,8
2014;pomorskie;PL2202;strefa pomorska;PmKosTargo12;Pm.AM12.a;PM2.5;1g;33,1;0,0;414,2;7389;84,3;1,0
2014;pomorskie;PL2202;strefa pomorska;PmKosTargo12;Pm.AM12.a;PM2.5;24g;26,8;1,0;95,0;338;92,6;1,0
2014;pomorskie;PL2202;strefa pomorska;PmSlupKniazi;Pm.63.wDSAa;PM2.5;24g;16,4;2,0;73,0;282;77,3;1,0
2014;œl¹skie;PL2401;Aglomeracja Górnoœl¹ska;SlGliwicMewy;SlGliwiGliw_mewy;PM2.5;1g;35,8;2,0;339,0;8565;97,8;1,0
2014;œl¹skie;PL2401;Aglomeracja Górnoœl¹ska;SlGliwicMewy;SlGliwiGliw_mewy;PM2.5;24g;36,6;4,0;125,0;355;97,3;1,1
2014;œl¹skie;PL2401;Aglomeracja Górnoœl¹ska;SlKatoKossut;SlKatowKato_kossu;PM2.5;1g;30,7;3,0;399,0;8579;97,9;1,0
2014;œl¹skie;PL2401;Aglomeracja Górnoœl¹ska;SlKatoKossut;SlKatowKato_kossu;PM2.5;24g;32,5;4,0;152,0;328;89,9;1,0
2014;œl¹skie;PL2401;Aglomeracja Górnoœl¹ska;SlKatoPlebA4;SlKatowKato_aleja;PM2.5;24g;37,7;8,0;148,0;345;94,5;1,1
2014;œl¹skie;PL2402;Aglomeracja Rybnicko-Jastrzêbska;SlZorySikors;SlZoryzZory_sikor;PM2.5;24g;28,4;2,0;120,0;341;93,4;1,0
2014;œl¹skie;PL2403;miasto Bielsko-Bia³a;SlBielSterni;SlBielbBiel_stern;PM2.5;24g;28,7;3,0;256,0;362;99,2;1,0
2014;œl¹skie;PL2404;miasto Czêstochowa;SlCzestoZana;SlCzestCzes_zana6;PM2.5;24g;29,7;5,0;158,0;358;98,1;1,1
2014;œl¹skie;PL2405;strefa œl¹ska;SlGodGliniki;SlGodowWodz_wodzi;PM2.5;24g;40,0;7,0;194,0;357;97,8;1,1
2014;œl¹skie;PL2405;strefa œl¹ska;SlTarnoLitew;SlTarnoTarn_litew;PM2.5;24g;33,7;5,0;129,0;363;99,5;1,0
2014;œl¹skie;PL2405;strefa œl¹ska;SlZlotPotLes;SlZlotyJano_lesni;PM2.5;1g;17,5;0,0;129,0;8117;92,7;1,0
2014;œl¹skie;PL2405;strefa œl¹ska;SlZlotPotLes;SlZlotyJano_lesni;PM2.5;24g;21,3;1,0;73,0;353;96,7;0,9
2014;œwiêtokrzyskie;PL2601;miasto Kielce;SkKielJagiel;SkKielJagielWios;PM2.5;1g;32,7;0,0;432,9;8500;97,0;1,0
2014;œwiêtokrzyskie;PL2601;miasto Kielce;SkKielJagiel;SkKielJagielWios;PM2.5;24g;26,8;1,2;117,2;352;96,4;1,1
2014;œwiêtokrzyskie;PL2602;strefa œwiêtokrzyska;SkBuskRokosz;SkBuskoWios2;PM2.5;24g;23,5;2,2;84,1;355;97,3;1,0
2014;œwiêtokrzyskie;PL2602;strefa œwiêtokrzyska;SkMalo11List;SkMalogCemen3;PM2.5;1g;20,3;1,3;240,2;8664;98,9;1,0
2014;œwiêtokrzyskie;PL2602;strefa œwiêtokrzyska;SkPolaRuszcz;SkPolanRuszcz;PM2.5;1g;25,7;1,0;251,0;8715;99,5;1,0
2014;œwiêtokrzyskie;PL2602;strefa œwiêtokrzyska;SkStaraZlota;SkStaracZlota2;PM2.5;24g;25,4;3,8;93,3;359;98,4;1,0
2014;warmiñsko-mazurskie;PL2801;miasto Olsztyn;WmOlsPuszkin;WmOlsztyWIOS_Puszkin;PM2.5;1g;22,6;-3,4;120,8;8495;97,0;1,0
2014;warmiñsko-mazurskie;PL2801;miasto Olsztyn;WmOlsPuszkin;WmOlsztyWIOS_Puszkin;PM2.5;24g;16,5;2,2;64,5;341;93,4;1,1
2014;warmiñsko-mazurskie;PL2802;miasto Elbl¹g;WmElbBazynsk;WmElblagWIOS_Bazynsk;PM2.5;24g;15,5;0,9;59,7;358;98,1;1,0
2014;warmiñsko-mazurskie;PL2803;strefa warmiñsko-mazurska;WmOstrChrobr;WmOstrodWIOS_Chrobre;PM2.5;24g;16,0;2,5;63,3;363;99,5;1,0
2014;warmiñsko-mazurskie;PL2803;strefa warmiñsko-mazurska;WmPuszczaBor;WmPuszcz_IOS_Borecka;PM2.5;24g;13,8;2,4;46,3;341;93,4;1,0
2014;wielkopolskie;PL3001;Aglomeracja Poznañska;WpPoznPolank;WpWKP001;PM2.5;1g;21,0;0,4;218,1;8575;97,9;1,0
2014;wielkopolskie;PL3001;Aglomeracja Poznañska;WpPoznPolank;WpWKP001;PM2.5;24g;26,4;4,4;93,3;346;94,8;1,0
2014;wielkopolskie;PL3002;miasto Kalisz;WpKaliSawick;WpWKPKalisz007/10;PM2.5;1g;32,5;0,0;293,1;8068;92,1;1,0
2014;wielkopolskie;PL3002;miasto Kalisz;WpKaliSawick;WpWKPKalisz007/10;PM2.5;24g;29,0;5,0;131,4;365;100,0;1,0
2014;zachodniopomorskie;PL3201;Aglomeracja Szczeciñska;ZpSzczAndr01;ZpSzczecin001;PM2.5;1g;19,9;0,0;149,8;7959;90,9;1,0
2014;zachodniopomorskie;PL3201;Aglomeracja Szczeciñska;ZpSzczAndr01;ZpSzczecin001;PM2.5;24g;18,2;1,7;69,2;359;98,4;1,0
2014;zachodniopomorskie;PL3201;Aglomeracja Szczeciñska;ZpSzczPils02;ZpSzczecin002;PM2.5;1g;22,5;1,0;147,0;8378;95,6;1,0
2014;zachodniopomorskie;PL3202;miasto Koszalin;ZpKoszSpasow;ZpKoszalin006;PM2.5;24g;16,6;2,2;65,1;292;80,0;1,0
2014;zachodniopomorskie;PL3203;strefa zachodniopomorska;ZpMyslZaBram;ZpMysMysliborz007;PM2.5;24g;24,2;1,0;90,7;332;91,0;0,9
2014;zachodniopomorskie;PL3203;strefa zachodniopomorska;ZpSzczec1Maj;ZpSzcSzczecinek008;PM2.5;24g;17,1;2,4;69,3;351;96,2;1,1
2015;dolnoœl¹skie;PL0201;Aglomeracja Wroc³awska;DsWrocAlWisn;DsWrocWisA;PM2.5;1g;30,3;0,2;288,6;8404;95,9;1,0
2015;dolnoœl¹skie;PL0201;Aglomeracja Wroc³awska;DsWrocNaGrob;DsWrocGrobla;PM2.5;24g;22,9;4,7;142,4;309;84,7;0,9
2015;dolnoœl¹skie;PL0201;Aglomeracja Wroc³awska;DsWrocWybCon;DsWrocKorzA;PM2.5;1g;24,0;0,0;294,0;8176;93,3;1,0
2015;dolnoœl¹skie;PL0202;miasto Legnica;DsLegAlRzecz;DsLegRzeczA;PM2.5;24g;22,9;2,1;147,2;361;98,9;1,0
2015;dolnoœl¹skie;PL0203;miasto Wa³brzych;DsWalbrzWyso;DsWalbWysA;PM2.5;24g;18,9;1,9;110,3;327;89,6;1,1
2015;dolnoœl¹skie;PL0204;strefa dolnoœl¹ska;DsJelGorOgin;DsJeleniaGoraA;PM2.5;1g;18,4;0,0;262,6;8478;96,8;1,0
2015;dolnoœl¹skie;PL0204;strefa dolnoœl¹ska;DsOsieczow21;DsOsieczow;PM2.5;24g;14,5;0,0;64,1;353;96,7;1,0
2015;dolnoœl¹skie;PL0204;strefa dolnoœl¹ska;DsZgorBohGet;DsZgorzBohA;PM2.5;24g;18,4;3,3;60,4;345;94,5;1,0
2015;kujawsko-pomorskie;PL0401;Aglomeracja Bydgoska;KpBydBerling;KpBydgBerlinga;PM2.5;24g;15,8;1,5;68,9;365;100,0;1,0
2015;kujawsko-pomorskie;PL0401;Aglomeracja Bydgoska;KpBydPlPozna;KpBydgPlPozn;PM2.5;1g;22,1;1,0;313,7;8154;93,1;1,0
2015;kujawsko-pomorskie;PL0401;Aglomeracja Bydgoska;KpBydWarszaw;KpBydgWarszawska;PM2.5;1g;23,1;1,0;234,9;6130;70,0;1,0
2015;kujawsko-pomorskie;PL0402;miasto Toruñ;KpToruDziewu;KpTorunDziewulsk;PM2.5;1g;21,5;1,0;274,7;5853;66,8;0,7
2015;kujawsko-pomorskie;PL0402;miasto Toruñ;KpToruDziewu;KpTorunDziewulsk;PM2.5;24g;18,9;1,0;91,5;362;99,2;1,0
2015;kujawsko-pomorskie;PL0403;miasto W³oc³awek;KpWloclSiels;KpWloclSielska;PM2.5;24g;18,4;1,3;73,7;341;93,4;1,0
2015;kujawsko-pomorskie;PL0404;strefa kujawsko - pomorska;KpGrudSienki;KpGrudzStar;PM2.5;24g;26,8;0,7;122,5;354;97,0;1,0
2015;kujawsko-pomorskie;PL0404;strefa kujawsko - pomorska;KpZielBoryTu;KpZielBoryTuch;PM2.5;24g;13,4;0,4;53,9;293;80,3;0,6
2015;lubelskie;PL0601;Aglomeracja Lubelska;LbLubObywate;LbLublinWIOS;PM2.5;1g;28,2;0,2;328,3;8515;97,2;1,0
2015;lubelskie;PL0601;Aglomeracja Lubelska;LbLubSliwins;LbLublin_Sliwins_5;PM2.5;24g;21,3;3,0;102,0;365;100,0;1,0
2015;lubelskie;PL0602;strefa lubelska;LbBiaPodOrze;LbBialaPOrzechowa;PM2.5;24g;26,3;5,0;146,0;364;99,7;1,0
2015;lubelskie;PL0602;strefa lubelska;LbChelJagiel;LbChelmJagWIOS;PM2.5;24g;27,2;5,0;138,0;345;94,5;1,0
2015;lubelskie;PL0602;strefa lubelska;LbZamoHrubie;LbZamoscHrubieszowsk;PM2.5;24g;24,0;4,0;128,0;365;100,0;1,0
2015;lubuskie;PL0801;miasto Gorzów Wielkopolski;LuGorzPilsud;LuGorzowWIOS_MAN;PM2.5;24g;16,6;3,1;75,6;358;98,1;1,1
2015;lubuskie;PL0802;miasto Zielona Góra;LuZielKrotka;LuZgoraWIOS_AUT;PM2.5;1g;22,4;1,5;205,4;8498;97,0;1,0
2015;lubuskie;PL0802;miasto Zielona Góra;LuZielKrotka;LuZgoraWIOS_AUT;PM2.5;24g;19,2;3,7;104,8;364;99,7;1,0
2015;lubuskie;PL0803;strefa lubuska;LuZarySzyman;LuZaryWIOS_AUT;PM2.5;24g;19,6;4,2;134,6;350;95,9;1,1
2015;³ódzkie;PL1001;Aglomeracja £ódzka;LdLodzCzerni;LdLodzWIOSACzernik;PM2.5;1g;21,1;1,0;185,9;8396;95,8;1,0
2015;³ódzkie;PL1001;Aglomeracja £ódzka;LdLodzCzerni;LdLodzWIOSACzernik;PM2.5;24g;22,1;3,0;78,0;361;98,9;1,0
2015;³ódzkie;PL1001;Aglomeracja £ódzka;LdLodzGdansk;LdLodzWIOSAGdanska;PM2.5;1g;25,6;0,0;282,0;7298;83,3;1,0
2015;³ódzkie;PL1001;Aglomeracja £ódzka;LdLodzLegion;LdLodzWSSEMLegiono;PM2.5;24g;29,7;6,0;127,0;364;99,7;1,0
2015;³ódzkie;PL1001;Aglomeracja £ódzka;LdZgieMielcz;LdZgierzWIOSAMielcza;PM2.5;1g;20,5;0,0;253,0;8216;93,8;0,9
2015;³ódzkie;PL1002;strefa ³ódzka;LdPioTrKraPr;LdPiotrkWIOSAKrakPrz;PM2.5;24g;31,6;3,3;149,0;353;96,7;1,0
2015;ma³opolskie;PL1201;Aglomeracja Krakowska;MpKrakAlKras;MpKrakowWIOSAKra6117;PM2.5;1g;43,8;2,8;272,3;8574;97,9;1,0
2015;ma³opolskie;PL1201;Aglomeracja Krakowska;MpKrakBujaka;MpKrakowWIOSBuja6119;PM2.5;1g;32,2;3,0;289,7;8670;99,0;1,0
2015;ma³opolskie;PL1201;Aglomeracja Krakowska;MpKrakBujaka;MpKrakowWIOSBuja6119;PM2.5;24g;33,7;5,0;150,0;365;100,0;1,0
2015;ma³opolskie;PL1201;Aglomeracja Krakowska;MpKrakBulwar;MpKrakowWIOSBulw6118;PM2.5;1g;33,3;3,0;453,2;8320;95,0;1,0
2015;ma³opolskie;PL1202;miasto Tarnów;MpTarBitStud;MpTarnowWIOSBitw6304;PM2.5;24g;25,2;6,0;118,0;356;97,5;1,1
2015;ma³opolskie;PL1203;strefa ma³opolska;MpBochKonfed;MpBochniWIOSKBar0106;PM2.5;24g;29,2;5,0;109,0;354;97,0;1,0
2015;ma³opolskie;PL1203;strefa ma³opolska;MpNoSaczNadb;MpNSaczWIOSNadb6205;PM2.5;24g;36,0;6,0;148,0;365;100,0;1,0
2015;ma³opolskie;PL1203;strefa ma³opolska;MpTrzebOsZWM;MpTrzebiWIOSZWM0305;PM2.5;24g;25,8;5,0;134,0;359;98,4;1,0
2015;ma³opolskie;PL1203;strefa ma³opolska;MpZakopaSien;MpZakopaWIOSRown1701;PM2.5;24g;28,2;6,0;156,0;349;95,6;1,0
2015;mazowieckie;PL1401;Aglomeracja Warszawska;MzWarAlNiepo;MzWarNiepodKom;PM2.5;1g;24,1;1,3;134,5;8711;99,4;1,0
2015;mazowieckie;PL1401;Aglomeracja Warszawska;MzWarKondrat;MzWarTarKondra;PM2.5;1g;23,5;0,1;214,8;8533;97,4;1,0
2015;mazowieckie;PL1401;Aglomeracja Warszawska;MzWarKondrat;MzWarTarKondra;PM2.5;24g;23,6;5,4;93,3;357;97,8;1,0
2015;mazowieckie;PL1401;Aglomeracja Warszawska;MzWarWokalna;MzWarszUrsynow;PM2.5;1g;21,3;1,3;128,4;8598;98,2;1,0
2015;mazowieckie;PL1401;Aglomeracja Warszawska;MzWarWokalna;MzWarszUrsynow;PM2.5;24g;21,0;4,0;92,9;357;97,8;1,0
2015;mazowieckie;PL1402;miasto P³ock;MzPlocKroJad;MzPlockPKN;PM2.5;24g;21,4;3,6;84,4;361;98,9;1,0
2015;mazowieckie;PL1402;miasto P³ock;MzPlocMiReja;MzPlockReja;PM2.5;1g;21,5;1,2;161,4;8650;98,7;1,0
2015;mazowieckie;PL1403;miasto Radom;MzRadHallera;MzRadomHallera;PM2.5;24g;25,0;5,1;90,2;355;97,3;1,1
2015;mazowieckie;PL1403;miasto Radom;MzRadTochter;MzRadomTochter;PM2.5;1g;28,1;1,4;323,2;8271;94,4;0,9
2015;mazowieckie;PL1404;strefa mazowiecka;MzLegZegrzyn;MzLegionZegIMGW;PM2.5;1g;32,2;0,1;542,7;8446;96,4;1,0
2015;mazowieckie;PL1404;strefa mazowiecka;MzOstroHalle;MzOstrolHallera;PM2.5;24g;21,0;4,2;86,4;354;97,0;1,0
2015;mazowieckie;PL1404;strefa mazowiecka;MzPiasPulask;MzPiastowPulask;PM2.5;1g;30,5;1,7;302,6;8556;97,7;1,0
2015;mazowieckie;PL1404;strefa mazowiecka;MzSiedKonars;MzSiedlceKonar;PM2.5;1g;24,9;1,0;291,2;8579;97,9;1,0
2015;mazowieckie;PL1404;strefa mazowiecka;MzZyraRoosev;MzZyrardRoosevel;PM2.5;1g;30,1;0,7;343,4;8590;98,1;1,0
2015;opolskie;PL1601;miasto Opole;OpOpoleOsAKr;OpOpole4pyl;PM2.5;24g;21,2;2,5;159,0;365;100,0;1,0
2015;opolskie;PL1602;strefa opolska;OpKKozBSmial;OpKkozle1a;PM2.5;1g;27,0;0,0;294,1;8271;94,4;1,0
2015;opolskie;PL1602;strefa opolska;OpKluczMicki;OpKlucz2pyl;PM2.5;24g;20,3;2,5;163,0;358;98,1;1,0
2015;podkarpackie;PL1801;miasto Rzeszów;PkRzeszRejta;PkRzeszWIOSNoweMiasto;PM2.5;24g;22,8;4,6;132,0;354;97,0;1,1
2015;podkarpackie;PL1802;strefa podkarpacka;PkJasloSikor;PkJasloWIOSSikorskiego;PM2.5;24g;24,1;4,8;140,0;339;92,9;0,9
2015;podkarpackie;PL1802;strefa podkarpacka;PkKrosKletow;PkKrosnoWIOSKletowki;PM2.5;24g;24,5;5,4;129,0;333;91,2;1,0
2015;podkarpackie;PL1802;strefa podkarpacka;PkMielSolski;PkMielecWIOSSolskiego;PM2.5;1g;27,1;0,3;272,6;8611;98,3;1,0
2015;podkarpackie;PL1802;strefa podkarpacka;PkNiskoSzkla;PkNiskoWIOSSzklar;PM2.5;24g;23,0;4,5;88,3;364;99,7;1,0
2015;podkarpackie;PL1802;strefa podkarpacka;PkPrzemGrunw;PkPrzemyslWIOSGrunw;PM2.5;1g;25,9;0,4;277,7;8566;97,8;1,0
2015;podlaskie;PL2001;Aglomeracja Bia³ostocka;PdBialWarsza;PdBialyWarszawska;PM2.5;24g;21,2;3,4;106,5;357;97,8;1,0
2015;podlaskie;PL2001;Aglomeracja Bia³ostocka;PdBialWaszyn;PdBialyMiejska;PM2.5;1g;19,3;0,0;261,0;7801;89,1;1,1
2015;podlaskie;PL2002;strefa podlaska;PdHajnowkJagMOB;PdHajnowkJagMOB;PM2.5;1g;25,5;2,4;272,1;2369;27,0;0,2
2015;podlaskie;PL2002;strefa podlaska;PdLomSikorsk;PdLomzaSikorskiego;PM2.5;24g;26,6;3,6;124,8;321;87,9;1,1
2015;podlaskie;PL2002;strefa podlaska;PdSuwPulaski;PdSuwPulaski;PM2.5;1g;13,3;0,0;154,0;8458;96,6;1,0
2015;pomorskie;PL2201;Aglomeracja Trójmiejska;PmGdaLeczk08;Pm.a08a;PM2.5;1g;12,9;0,1;120,6;8617;98,4;1,0
2015;pomorskie;PL2201;Aglomeracja Trójmiejska;PmGdaPowWiel;Pm.01w.02m;PM2.5;24g;14,2;1,0;64,0;357;97,8;1,0
2015;pomorskie;PL2202;strefa pomorska;PmKosTargo12;Pm.AM12.a;PM2.5;1g;25,4;0,1;294,6;6760;77,2;0,9
2015;pomorskie;PL2202;strefa pomorska;PmKosTargo12;Pm.AM12.a;PM2.5;24g;22,9;1,0;97,0;325;89,0;1,0
2015;pomorskie;PL2202;strefa pomorska;PmSlupKniazi;Pm.63.wDSAa;PM2.5;24g;14,1;1,0;65,0;288;78,9;1,1
2015;œl¹skie;PL2401;Aglomeracja Górnoœl¹ska;SlGliwicMewy;SlGliwiGliw_mewy;PM2.5;1g;31,2;2,1;379,2;8612;98,3;1,0
2015;œl¹skie;PL2401;Aglomeracja Górnoœl¹ska;SlGliwicMewy;SlGliwiGliw_mewy;PM2.5;24g;30,6;6,7;220,3;360;98,6;1,0
2015;œl¹skie;PL2401;Aglomeracja Górnoœl¹ska;SlKatoKossut;SlKatowKato_kossu;PM2.5;1g;28,4;1,8;323,1;8715;99,5;1,0
2015;œl¹skie;PL2401;Aglomeracja Górnoœl¹ska;SlKatoKossut;SlKatowKato_kossu;PM2.5;24g;27,3;5,3;190,5;333;91,2;1,1
2015;œl¹skie;PL2401;Aglomeracja Górnoœl¹ska;SlKatoPlebA4;SlKatowKato_aleja;PM2.5;24g;33,1;2,6;205,5;350;95,9;1,1
2015;œl¹skie;PL2402;Aglomeracja Rybnicko-Jastrzêbska;SlZorySikors;SlZoryzZory_sikor;PM2.5;24g;27,8;3,2;200,6;346;94,8;1,0
2015;œl¹skie;PL2403;miasto Bielsko-Bia³a;SlBielSterni;SlBielbBiel_stern;PM2.5;24g;25,9;2,6;124,2;356;97,5;1,0
2015;œl¹skie;PL2404;miasto Czêstochowa;SlCzestoZana;SlCzestCzes_zana6;PM2.5;24g;26,0;3,0;183,5;350;95,9;1,0
2015;œl¹skie;PL2405;strefa œl¹ska;SlGodGliniki;SlGodowWodz_wodzi;PM2.5;24g;34,9;6,6;175,0;353;96,7;1,1
2015;œl¹skie;PL2405;strefa œl¹ska;SlTarnoLitew;SlTarnoTarn_litew;PM2.5;24g;29,1;1,0;189,2;332;91,0;1,1
2015;œl¹skie;PL2405;strefa œl¹ska;SlZlotPotLes;SlZlotyJano_lesni;PM2.5;1g;19,0;1,9;178,2;8392;95,8;1,0
2015;œl¹skie;PL2405;strefa œl¹ska;SlZlotPotLes;SlZlotyJano_lesni;PM2.5;24g;18,5;4,7;123,0;336;92,1;1,1
2015;œwiêtokrzyskie;PL2601;miasto Kielce;SkKielJagiel;SkKielJagielWios;PM2.5;1g;25,3;0,0;375,0;8689;99,2;1,0
2015;œwiêtokrzyskie;PL2601;miasto Kielce;SkKielJagiel;SkKielJagielWios;PM2.5;24g;25,6;2,4;149,9;350;95,9;1,0
2015;œwiêtokrzyskie;PL2602;strefa œwiêtokrzyska;SkBuskRokosz;SkBuskoWios2;PM2.5;24g;21,0;2,8;99,2;355;97,3;1,0
2015;œwiêtokrzyskie;PL2602;strefa œwiêtokrzyska;SkMalo11List;SkMalogCemen3;PM2.5;1g;18,1;0,0;206,7;8622;98,4;1,0
2015;œwiêtokrzyskie;PL2602;strefa œwiêtokrzyska;SkPolaRuszcz;SkPolanRuszcz;PM2.5;1g;25,3;0,0;187,8;8554;97,6;1,0
2015;œwiêtokrzyskie;PL2602;strefa œwiêtokrzyska;SkStaraZlota;SkStaracZlota2;PM2.5;24g;22,3;4,0;92,5;350;95,9;1,0
2015;warmiñsko-mazurskie;PL2801;miasto Olsztyn;WmOlsPuszkin;WmOlsztyWIOS_Puszkin;PM2.5;1g;20,0;-6,4;112,2;8589;98,0;1,0
2015;warmiñsko-mazurskie;PL2801;miasto Olsztyn;WmOlsPuszkin;WmOlsztyWIOS_Puszkin;PM2.5;24g;16,7;2,3;67,7;358;98,1;1,0
2015;warmiñsko-mazurskie;PL2802;miasto Elbl¹g;WmElbBazynsk;WmElblagWIOS_Bazynsk;PM2.5;24g;14,9;1,1;66,4;364;99,7;1,0
2015;warmiñsko-mazurskie;PL2803;strefa warmiñsko-mazurska;WmOstrChrobr;WmOstrodWIOS_Chrobre;PM2.5;24g;17,3;3,7;139,6;353;96,7;0,9
2015;warmiñsko-mazurskie;PL2803;strefa warmiñsko-mazurska;WmPuszczaBor;WmPuszcz_IOS_Borecka;PM2.5;24g;12,5;2,0;72,4;349;95,6;1,0
2015;wielkopolskie;PL3001;Aglomeracja Poznañska;WpPoznPolank;WpWKP001;PM2.5;1g;18,9;0,0;161,4;8611;98,3;1,0
2015;wielkopolskie;PL3001;Aglomeracja Poznañska;WpPoznPolank;WpWKP001;PM2.5;24g;24,4;3,7;136,4;352;96,4;1,1
2015;wielkopolskie;PL3002;miasto Kalisz;WpKaliSawick;WpWKPKalisz007/10;PM2.5;1g;28,6;0,0;212,6;8183;93,4;1,0
2015;wielkopolskie;PL3002;miasto Kalisz;WpKaliSawick;WpWKPKalisz007/10;PM2.5;24g;27,2;5,6;112,3;349;95,6;1,1
2015;wielkopolskie;PL3003;strefa wielkopolska;WpPleszAlMic;WpPleszewPM10/14;PM2.5;24g;33,6;7,1;154,3;352;96,4;0,9
2015;zachodniopomorskie;PL3201;Aglomeracja Szczeciñska;ZpSzczAndr01;ZpSzczecin001;PM2.5;1g;15,2;-2,8;193,1;8583;98,0;1,0
2015;zachodniopomorskie;PL3201;Aglomeracja Szczeciñska;ZpSzczAndr01;ZpSzczecin001;PM2.5;24g;15,4;2,5;74,9;357;97,8;1,0
2015;zachodniopomorskie;PL3201;Aglomeracja Szczeciñska;ZpSzczPils02;ZpSzczecin002;PM2.5;1g;19,3;0,1;215,4;8567;97,8;1,0
2015;zachodniopomorskie;PL3202;miasto Koszalin;ZpKoszSpasow;ZpKoszalin006;PM2.5;24g;13,5;2,0;61,1;365;100,0;1,0
2015;zachodniopomorskie;PL3203;strefa zachodniopomorska;ZpMyslZaBram;ZpMysMysliborz007;PM2.5;24g;20,1;2,9;98,3;358;98,1;1,0
2015;zachodniopomorskie;PL3203;strefa zachodniopomorska;ZpSzczec1Maj;ZpSzcSzczecinek008;PM2.5;24g;14,3;2,2;74,8;365;100,0;1,0
